# install.vm-local  net=- on=vm-local
# SP_BUILD_MODE=download SP_VM_ACTION=reinstall ./build-and-run.sh
# cwd /home/a/git/personal/selfprivacy/Manager-Ubuntu-SelfPrivacy-Over-Tor/backend
# started 2026-08-28T17:10:18Z


... [2645 lines trimmed] ...
evaluating file '«github:NixOS/nixpkgs/23d72dabcb3b12469f57b37170fcbc1789bd7457?narHash=sha256-z5NJPSBwsLf/OfD8WTmh79tlSU8XgIbwmk6qB1/TFzY%3D»/pkgs/by-name/ms/mscgen/package.nix'
evaluating file '«github:NixOS/nixpkgs/23d72dabcb3b12469f57b37170fcbc1789bd7457?narHash=sha256-z5NJPSBwsLf/OfD8WTmh79tlSU8XgIbwmk6qB1/TFzY%3D»/pkgs/by-name/so/sourceHighlight/package.nix'
evaluating file '«github:NixOS/nixpkgs/23d72dabcb3b12469f57b37170fcbc1789bd7457?narHash=sha256-z5NJPSBwsLf/OfD8WTmh79tlSU8XgIbwmk6qB1/TFzY%3D»/pkgs/development/libraries/boost/default.nix'
evaluating file '«github:NixOS/nixpkgs/23d72dabcb3b12469f57b37170fcbc1789bd7457?narHash=sha256-z5NJPSBwsLf/OfD8WTmh79tlSU8XgIbwmk6qB1/TFzY%3D»/pkgs/development/libraries/boost/1.87.nix'
evaluating file '«github:NixOS/nixpkgs/23d72dabcb3b12469f57b37170fcbc1789bd7457?narHash=sha256-z5NJPSBwsLf/OfD8WTmh79tlSU8XgIbwmk6qB1/TFzY%3D»/pkgs/development/libraries/boost/generic.nix'
evaluating file '«github:NixOS/nixpkgs/23d72dabcb3b12469f57b37170fcbc1789bd7457?narHash=sha256-z5NJPSBwsLf/OfD8WTmh79tlSU8XgIbwmk6qB1/TFzY%3D»/pkgs/development/libraries/icu/default.nix'
evaluating file '«github:NixOS/nixpkgs/23d72dabcb3b12469f57b37170fcbc1789bd7457?narHash=sha256-z5NJPSBwsLf/OfD8WTmh79tlSU8XgIbwmk6qB1/TFzY%3D»/pkgs/development/libraries/icu/make-icu.nix'
evaluating file '«github:NixOS/nixpkgs/23d72dabcb3b12469f57b37170fcbc1789bd7457?narHash=sha256-z5NJPSBwsLf/OfD8WTmh79tlSU8XgIbwmk6qB1/TFzY%3D»/pkgs/by-name/bo/boost-build/package.nix'
evaluating file '«github:NixOS/nixpkgs/23d72dabcb3b12469f57b37170fcbc1789bd7457?narHash=sha256-z5NJPSBwsLf/OfD8WTmh79tlSU8XgIbwmk6qB1/TFzY%3D»/pkgs/build-support/make-pkgconfigitem/default.nix'
evaluating file '«github:NixOS/nixpkgs/23d72dabcb3b12469f57b37170fcbc1789bd7457?narHash=sha256-z5NJPSBwsLf/OfD8WTmh79tlSU8XgIbwmk6qB1/TFzY%3D»/pkgs/by-name/sw/swtpm/package.nix'
evaluating file '«github:NixOS/nixpkgs/23d72dabcb3b12469f57b37170fcbc1789bd7457?narHash=sha256-z5NJPSBwsLf/OfD8WTmh79tlSU8XgIbwmk6qB1/TFzY%3D»/pkgs/by-name/js/json-glib/package.nix'
evaluating file '«github:NixOS/nixpkgs/23d72dabcb3b12469f57b37170fcbc1789bd7457?narHash=sha256-z5NJPSBwsLf/OfD8WTmh79tlSU8XgIbwmk6qB1/TFzY%3D»/pkgs/os-specific/linux/fuse/default.nix'
evaluating file '«github:NixOS/nixpkgs/23d72dabcb3b12469f57b37170fcbc1789bd7457?narHash=sha256-z5NJPSBwsLf/OfD8WTmh79tlSU8XgIbwmk6qB1/TFzY%3D»/pkgs/os-specific/linux/fuse/common.nix'
evaluating file '«github:NixOS/nixpkgs/23d72dabcb3b12469f57b37170fcbc1789bd7457?narHash=sha256-z5NJPSBwsLf/OfD8WTmh79tlSU8XgIbwmk6qB1/TFzY%3D»/pkgs/by-name/so/socat/package.nix'
evaluating file '«github:NixOS/nixpkgs/23d72dabcb3b12469f57b37170fcbc1789bd7457?narHash=sha256-z5NJPSBwsLf/OfD8WTmh79tlSU8XgIbwmk6qB1/TFzY%3D»/pkgs/by-name/li/libpwquality/package.nix'
evaluating file '«github:NixOS/nixpkgs/23d72dabcb3b12469f57b37170fcbc1789bd7457?narHash=sha256-z5NJPSBwsLf/OfD8WTmh79tlSU8XgIbwmk6qB1/TFzY%3D»/pkgs/by-name/cr/cracklib/package.nix'
evaluating file '«github:NixOS/nixpkgs/23d72dabcb3b12469f57b37170fcbc1789bd7457?narHash=sha256-z5NJPSBwsLf/OfD8WTmh79tlSU8XgIbwmk6qB1/TFzY%3D»/pkgs/by-name/qr/qrencode/package.nix'
evaluating file '«github:NixOS/nixpkgs/23d72dabcb3b12469f57b37170fcbc1789bd7457?narHash=sha256-z5NJPSBwsLf/OfD8WTmh79tlSU8XgIbwmk6qB1/TFzY%3D»/pkgs/by-name/kb/kbd/package.nix'
evaluating file '«github:NixOS/nixpkgs/23d72dabcb3b12469f57b37170fcbc1789bd7457?narHash=sha256-z5NJPSBwsLf/OfD8WTmh79tlSU8XgIbwmk6qB1/TFzY%3D»/pkgs/by-name/bp/bpftools/package.nix'
evaluating file '«github:NixOS/nixpkgs/23d72dabcb3b12469f57b37170fcbc1789bd7457?narHash=sha256-z5NJPSBwsLf/OfD8WTmh79tlSU8XgIbwmk6qB1/TFzY%3D»/pkgs/development/tools/misc/binutils/libopcodes.nix'
evaluating file '«github:NixOS/nixpkgs/23d72dabcb3b12469f57b37170fcbc1789bd7457?narHash=sha256-z5NJPSBwsLf/OfD8WTmh79tlSU8XgIbwmk6qB1/TFzY%3D»/pkgs/development/tools/misc/binutils/libbfd.nix'
evaluating file '«github:NixOS/nixpkgs/23d72dabcb3b12469f57b37170fcbc1789bd7457?narHash=sha256-z5NJPSBwsLf/OfD8WTmh79tlSU8XgIbwmk6qB1/TFzY%3D»/pkgs/development/compilers/llvm/common/llvm/default.nix'
evaluating file '«github:NixOS/nixpkgs/23d72dabcb3b12469f57b37170fcbc1789bd7457?narHash=sha256-z5NJPSBwsLf/OfD8WTmh79tlSU8XgIbwmk6qB1/TFzY%3D»/pkgs/by-name/li/libpfm/package.nix'
evaluating file '«github:NixOS/nixpkgs/23d72dabcb3b12469f57b37170fcbc1789bd7457?narHash=sha256-z5NJPSBwsLf/OfD8WTmh79tlSU8XgIbwmk6qB1/TFzY%3D»/pkgs/development/compilers/llvm/common/tblgen.nix'
evaluating file '«github:NixOS/nixpkgs/23d72dabcb3b12469f57b37170fcbc1789bd7457?narHash=sha256-z5NJPSBwsLf/OfD8WTmh79tlSU8XgIbwmk6qB1/TFzY%3D»/pkgs/development/compilers/llvm/common/patches.nix'
evaluating file '«github:NixOS/nixpkgs/23d72dabcb3b12469f57b37170fcbc1789bd7457?narHash=sha256-z5NJPSBwsLf/OfD8WTmh79tlSU8XgIbwmk6qB1/TFzY%3D»/pkgs/tools/security/gnupg/24.nix'
evaluating file '«github:NixOS/nixpkgs/23d72dabcb3b12469f57b37170fcbc1789bd7457?narHash=sha256-z5NJPSBwsLf/OfD8WTmh79tlSU8XgIbwmk6qB1/TFzY%3D»/pkgs/by-name/li/libassuan/package.nix'
evaluating file '«github:NixOS/nixpkgs/23d72dabcb3b12469f57b37170fcbc1789bd7457?narHash=sha256-z5NJPSBwsLf/OfD8WTmh79tlSU8XgIbwmk6qB1/TFzY%3D»/pkgs/by-name/np/npth/package.nix'
evaluating file '«github:NixOS/nixpkgs/23d72dabcb3b12469f57b37170fcbc1789bd7457?narHash=sha256-z5NJPSBwsLf/OfD8WTmh79tlSU8XgIbwmk6qB1/TFzY%3D»/pkgs/by-name/li/libksba/package.nix'
evaluating file '«github:NixOS/nixpkgs/23d72dabcb3b12469f57b37170fcbc1789bd7457?narHash=sha256-z5NJPSBwsLf/OfD8WTmh79tlSU8XgIbwmk6qB1/TFzY%3D»/pkgs/by-name/md/mdadm4/package.nix'
evaluating file '«github:NixOS/nixpkgs/23d72dabcb3b12469f57b37170fcbc1789bd7457?narHash=sha256-z5NJPSBwsLf/OfD8WTmh79tlSU8XgIbwmk6qB1/TFzY%3D»/pkgs/servers/mail/system-sendmail/default.nix'
evaluating file '«github:NixOS/nixpkgs/23d72dabcb3b12469f57b37170fcbc1789bd7457?narHash=sha256-z5NJPSBwsLf/OfD8WTmh79tlSU8XgIbwmk6qB1/TFzY%3D»/pkgs/by-name/do/dosfstools/package.nix'
evaluating file '«github:NixOS/nixpkgs/23d72dabcb3b12469f57b37170fcbc1789bd7457?narHash=sha256-z5NJPSBwsLf/OfD8WTmh79tlSU8XgIbwmk6qB1/TFzY%3D»/pkgs/by-name/e2/e2fsprogs/package.nix'
evaluating file '«github:NixOS/nixpkgs/23d72dabcb3b12469f57b37170fcbc1789bd7457?narHash=sha256-z5NJPSBwsLf/OfD8WTmh79tlSU8XgIbwmk6qB1/TFzY%3D»/pkgs/by-name/te/terminus_font/package.nix'
evaluating file '«github:NixOS/nixpkgs/23d72dabcb3b12469f57b37170fcbc1789bd7457?narHash=sha256-z5NJPSBwsLf/OfD8WTmh79tlSU8XgIbwmk6qB1/TFzY%3D»/pkgs/by-name/bd/bdftopcf/package.nix'
evaluating file '«github:NixOS/nixpkgs/23d72dabcb3b12469f57b37170fcbc1789bd7457?narHash=sha256-z5NJPSBwsLf/OfD8WTmh79tlSU8XgIbwmk6qB1/TFzY%3D»/pkgs/by-name/mk/mkfontscale/package.nix'
evaluating file '«github:NixOS/nixpkgs/23d72dabcb3b12469f57b37170fcbc1789bd7457?narHash=sha256-z5NJPSBwsLf/OfD8WTmh79tlSU8XgIbwmk6qB1/TFzY%3D»/pkgs/by-name/li/libfontenc/package.nix'
evaluating file '«github:NixOS/nixpkgs/23d72dabcb3b12469f57b37170fcbc1789bd7457?narHash=sha256-z5NJPSBwsLf/OfD8WTmh79tlSU8XgIbwmk6qB1/TFzY%3D»/pkgs/by-name/bc/bcache-tools/package.nix'
evaluating file '«github:NixOS/nixpkgs/23d72dabcb3b12469f57b37170fcbc1789bd7457?narHash=sha256-z5NJPSBwsLf/OfD8WTmh79tlSU8XgIbwmk6qB1/TFzY%3D»/pkgs/build-support/kernel/modules-closure.nix'
evaluating file '«github:NixOS/nixpkgs/23d72dabcb3b12469f57b37170fcbc1789bd7457?narHash=sha256-z5NJPSBwsLf/OfD8WTmh79tlSU8XgIbwmk6qB1/TFzY%3D»/pkgs/os-specific/linux/kmod/aggregator.nix'
evaluating file '«github:NixOS/nixpkgs/23d72dabcb3b12469f57b37170fcbc1789bd7457?narHash=sha256-z5NJPSBwsLf/OfD8WTmh79tlSU8XgIbwmk6qB1/TFzY%3D»/pkgs/by-name/li/linux-firmware/package.nix'
evaluating file '«github:NixOS/nixpkgs/23d72dabcb3b12469f57b37170fcbc1789bd7457?narHash=sha256-z5NJPSBwsLf/OfD8WTmh79tlSU8XgIbwmk6qB1/TFzY%3D»/pkgs/by-name/in/intel2200BGFirmware/package.nix'
evaluating file '«github:NixOS/nixpkgs/23d72dabcb3b12469f57b37170fcbc1789bd7457?narHash=sha256-z5NJPSBwsLf/OfD8WTmh79tlSU8XgIbwmk6qB1/TFzY%3D»/pkgs/by-name/rt/rtl8192su-firmware/package.nix'
evaluating file '«github:NixOS/nixpkgs/23d72dabcb3b12469f57b37170fcbc1789bd7457?narHash=sha256-z5NJPSBwsLf/OfD8WTmh79tlSU8XgIbwmk6qB1/TFzY%3D»/pkgs/by-name/rt/rt5677-firmware/package.nix'
evaluating file '«github:NixOS/nixpkgs/23d72dabcb3b12469f57b37170fcbc1789bd7457?narHash=sha256-z5NJPSBwsLf/OfD8WTmh79tlSU8XgIbwmk6qB1/TFzY%3D»/pkgs/by-name/rt/rtl8761b-firmware/package.nix'
evaluating file '«github:NixOS/nixpkgs/23d72dabcb3b12469f57b37170fcbc1789bd7457?narHash=sha256-z5NJPSBwsLf/OfD8WTmh79tlSU8XgIbwmk6qB1/TFzY%3D»/pkgs/by-name/zd/zd1211fw/package.nix'
evaluating file '«github:NixOS/nixpkgs/23d72dabcb3b12469f57b37170fcbc1789bd7457?narHash=sha256-z5NJPSBwsLf/OfD8WTmh79tlSU8XgIbwmk6qB1/TFzY%3D»/pkgs/by-name/al/alsa-firmware/package.nix'
evaluating file '«github:NixOS/nixpkgs/23d72dabcb3b12469f57b37170fcbc1789bd7457?narHash=sha256-z5NJPSBwsLf/OfD8WTmh79tlSU8XgIbwmk6qB1/TFzY%3D»/pkgs/by-name/so/sof-firmware/package.nix'
evaluating file '«github:NixOS/nixpkgs/23d72dabcb3b12469f57b37170fcbc1789bd7457?narHash=sha256-z5NJPSBwsLf/OfD8WTmh79tlSU8XgIbwmk6qB1/TFzY%3D»/pkgs/by-name/li/libreelec-dvb-firmware/package.nix'
evaluating file '«github:NixOS/nixpkgs/23d72dabcb3b12469f57b37170fcbc1789bd7457?narHash=sha256-z5NJPSBwsLf/OfD8WTmh79tlSU8XgIbwmk6qB1/TFzY%3D»/pkgs/by-name/wi/wireless-regdb/package.nix'
evaluating file '«github:NixOS/nixpkgs/23d72dabcb3b12469f57b37170fcbc1789bd7457?narHash=sha256-z5NJPSBwsLf/OfD8WTmh79tlSU8XgIbwmk6qB1/TFzY%3D»/pkgs/build-support/kernel/compress-firmware.nix'
evaluating file '«github:NixOS/nixpkgs/23d72dabcb3b12469f57b37170fcbc1789bd7457?narHash=sha256-z5NJPSBwsLf/OfD8WTmh79tlSU8XgIbwmk6qB1/TFzY%3D»/pkgs/by-name/rd/rdfind/package.nix'
evaluating file '«github:NixOS/nixpkgs/23d72dabcb3b12469f57b37170fcbc1789bd7457?narHash=sha256-z5NJPSBwsLf/OfD8WTmh79tlSU8XgIbwmk6qB1/TFzY%3D»/nixos/modules/system/boot/kernel_config.nix'
evaluating file '«github:NixOS/nixpkgs/23d72dabcb3b12469f57b37170fcbc1789bd7457?narHash=sha256-z5NJPSBwsLf/OfD8WTmh79tlSU8XgIbwmk6qB1/TFzY%3D»/pkgs/os-specific/linux/kernel/patches.nix'
evaluating file '«github:NixOS/nixpkgs/23d72dabcb3b12469f57b37170fcbc1789bd7457?narHash=sha256-z5NJPSBwsLf/OfD8WTmh79tlSU8XgIbwmk6qB1/TFzY%3D»/pkgs/os-specific/linux/kernel/common-config.nix'
evaluating file '«github:NixOS/nixpkgs/23d72dabcb3b12469f57b37170fcbc1789bd7457?narHash=sha256-z5NJPSBwsLf/OfD8WTmh79tlSU8XgIbwmk6qB1/TFzY%3D»/pkgs/development/compilers/rust/1_91.nix'
evaluating file '«github:NixOS/nixpkgs/23d72dabcb3b12469f57b37170fcbc1789bd7457?narHash=sha256-z5NJPSBwsLf/OfD8WTmh79tlSU8XgIbwmk6qB1/TFzY%3D»/pkgs/development/compilers/rust/default.nix'
evaluating file '«github:NixOS/nixpkgs/23d72dabcb3b12469f57b37170fcbc1789bd7457?narHash=sha256-z5NJPSBwsLf/OfD8WTmh79tlSU8XgIbwmk6qB1/TFzY%3D»/pkgs/development/compilers/rust/rustc.nix'
evaluating file '«github:NixOS/nixpkgs/23d72dabcb3b12469f57b37170fcbc1789bd7457?narHash=sha256-z5NJPSBwsLf/OfD8WTmh79tlSU8XgIbwmk6qB1/TFzY%3D»/pkgs/development/compilers/rust/bootstrap.nix'
evaluating file '«github:NixOS/nixpkgs/23d72dabcb3b12469f57b37170fcbc1789bd7457?narHash=sha256-z5NJPSBwsLf/OfD8WTmh79tlSU8XgIbwmk6qB1/TFzY%3D»/pkgs/development/compilers/rust/binary.nix'
evaluating file '«github:NixOS/nixpkgs/23d72dabcb3b12469f57b37170fcbc1789bd7457?narHash=sha256-z5NJPSBwsLf/OfD8WTmh79tlSU8XgIbwmk6qB1/TFzY%3D»/pkgs/build-support/rust/rustc-wrapper/default.nix'
evaluating file '«github:NixOS/nixpkgs/23d72dabcb3b12469f57b37170fcbc1789bd7457?narHash=sha256-z5NJPSBwsLf/OfD8WTmh79tlSU8XgIbwmk6qB1/TFzY%3D»/lib/kernel.nix'
evaluating file '«github:NixOS/nixpkgs/23d72dabcb3b12469f57b37170fcbc1789bd7457?narHash=sha256-z5NJPSBwsLf/OfD8WTmh79tlSU8XgIbwmk6qB1/TFzY%3D»/pkgs/development/compilers/rust/make-rust-platform.nix'
evaluating file '«github:NixOS/nixpkgs/23d72dabcb3b12469f57b37170fcbc1789bd7457?narHash=sha256-z5NJPSBwsLf/OfD8WTmh79tlSU8XgIbwmk6qB1/TFzY%3D»/pkgs/development/compilers/rust/rust-lib-src.nix'
evaluating file '«github:NixOS/nixpkgs/23d72dabcb3b12469f57b37170fcbc1789bd7457?narHash=sha256-z5NJPSBwsLf/OfD8WTmh79tlSU8XgIbwmk6qB1/TFzY%3D»/pkgs/os-specific/linux/kernel/common-flags.nix'
evaluating file '«github:NixOS/nixpkgs/23d72dabcb3b12469f57b37170fcbc1789bd7457?narHash=sha256-z5NJPSBwsLf/OfD8WTmh79tlSU8XgIbwmk6qB1/TFzY%3D»/pkgs/by-name/pa/pahole/package.nix'
evaluating file '«github:NixOS/nixpkgs/23d72dabcb3b12469f57b37170fcbc1789bd7457?narHash=sha256-z5NJPSBwsLf/OfD8WTmh79tlSU8XgIbwmk6qB1/TFzY%3D»/pkgs/development/tools/rust/bindgen/unwrapped.nix'
evaluating file '«github:NixOS/nixpkgs/23d72dabcb3b12469f57b37170fcbc1789bd7457?narHash=sha256-z5NJPSBwsLf/OfD8WTmh79tlSU8XgIbwmk6qB1/TFzY%3D»/pkgs/build-support/rust/build-rust-package/default.nix'
evaluating file '«github:NixOS/nixpkgs/23d72dabcb3b12469f57b37170fcbc1789bd7457?narHash=sha256-z5NJPSBwsLf/OfD8WTmh79tlSU8XgIbwmk6qB1/TFzY%3D»/pkgs/development/compilers/rust/rustfmt.nix'
evaluating file '«github:NixOS/nixpkgs/23d72dabcb3b12469f57b37170fcbc1789bd7457?narHash=sha256-z5NJPSBwsLf/OfD8WTmh79tlSU8XgIbwmk6qB1/TFzY%3D»/pkgs/development/compilers/rust/cargo-auditable.nix'
evaluating file '«github:NixOS/nixpkgs/23d72dabcb3b12469f57b37170fcbc1789bd7457?narHash=sha256-z5NJPSBwsLf/OfD8WTmh79tlSU8XgIbwmk6qB1/TFzY%3D»/pkgs/development/compilers/rust/cargo-auditable-cargo-wrapper.nix'
evaluating file '«github:NixOS/nixpkgs/23d72dabcb3b12469f57b37170fcbc1789bd7457?narHash=sha256-z5NJPSBwsLf/OfD8WTmh79tlSU8XgIbwmk6qB1/TFzY%3D»/pkgs/development/compilers/rust/cargo.nix'
evaluating file '«github:NixOS/nixpkgs/23d72dabcb3b12469f57b37170fcbc1789bd7457?narHash=sha256-z5NJPSBwsLf/OfD8WTmh79tlSU8XgIbwmk6qB1/TFzY%3D»/pkgs/build-support/rust/fetch-cargo-vendor.nix'
evaluating file '«github:NixOS/nixpkgs/23d72dabcb3b12469f57b37170fcbc1789bd7457?narHash=sha256-z5NJPSBwsLf/OfD8WTmh79tlSU8XgIbwmk6qB1/TFzY%3D»/pkgs/build-support/writers/default.nix'
evaluating file '«github:NixOS/nixpkgs/23d72dabcb3b12469f57b37170fcbc1789bd7457?narHash=sha256-z5NJPSBwsLf/OfD8WTmh79tlSU8XgIbwmk6qB1/TFzY%3D»/pkgs/build-support/writers/aliases.nix'
evaluating file '«github:NixOS/nixpkgs/23d72dabcb3b12469f57b37170fcbc1789bd7457?narHash=sha256-z5NJPSBwsLf/OfD8WTmh79tlSU8XgIbwmk6qB1/TFzY%3D»/pkgs/build-support/writers/data.nix'
evaluating file '«github:NixOS/nixpkgs/23d72dabcb3b12469f57b37170fcbc1789bd7457?narHash=sha256-z5NJPSBwsLf/OfD8WTmh79tlSU8XgIbwmk6qB1/TFzY%3D»/pkgs/build-support/writers/scripts.nix'
evaluating file '«github:NixOS/nixpkgs/23d72dabcb3b12469f57b37170fcbc1789bd7457?narHash=sha256-z5NJPSBwsLf/OfD8WTmh79tlSU8XgIbwmk6qB1/TFzY%3D»/pkgs/development/python-modules/flake8/default.nix'
evaluating file '«github:NixOS/nixpkgs/23d72dabcb3b12469f57b37170fcbc1789bd7457?narHash=sha256-z5NJPSBwsLf/OfD8WTmh79tlSU8XgIbwmk6qB1/TFzY%3D»/pkgs/development/python-modules/mccabe/default.nix'
evaluating file '«github:NixOS/nixpkgs/23d72dabcb3b12469f57b37170fcbc1789bd7457?narHash=sha256-z5NJPSBwsLf/OfD8WTmh79tlSU8XgIbwmk6qB1/TFzY%3D»/pkgs/development/python-modules/pycodestyle/default.nix'
evaluating file '«github:NixOS/nixpkgs/23d72dabcb3b12469f57b37170fcbc1789bd7457?narHash=sha256-z5NJPSBwsLf/OfD8WTmh79tlSU8XgIbwmk6qB1/TFzY%3D»/pkgs/development/python-modules/pyflakes/default.nix'
evaluating file '«github:NixOS/nixpkgs/23d72dabcb3b12469f57b37170fcbc1789bd7457?narHash=sha256-z5NJPSBwsLf/OfD8WTmh79tlSU8XgIbwmk6qB1/TFzY%3D»/pkgs/by-name/da/dash/package.nix'
evaluating file '«github:NixOS/nixpkgs/23d72dabcb3b12469f57b37170fcbc1789bd7457?narHash=sha256-z5NJPSBwsLf/OfD8WTmh79tlSU8XgIbwmk6qB1/TFzY%3D»/pkgs/development/interpreters/python/pypy/default.nix'
evaluating file '«github:NixOS/nixpkgs/23d72dabcb3b12469f57b37170fcbc1789bd7457?narHash=sha256-z5NJPSBwsLf/OfD8WTmh79tlSU8XgIbwmk6qB1/TFzY%3D»/pkgs/top-level/python2-packages.nix'
evaluating file '«github:NixOS/nixpkgs/23d72dabcb3b12469f57b37170fcbc1789bd7457?narHash=sha256-z5NJPSBwsLf/OfD8WTmh79tlSU8XgIbwmk6qB1/TFzY%3D»/pkgs/build-support/rust/hooks/default.nix'
evaluating file '«github:NixOS/nixpkgs/23d72dabcb3b12469f57b37170fcbc1789bd7457?narHash=sha256-z5NJPSBwsLf/OfD8WTmh79tlSU8XgIbwmk6qB1/TFzY%3D»/pkgs/build-support/rust/lib/default.nix'
evaluating file '«github:NixOS/nixpkgs/23d72dabcb3b12469f57b37170fcbc1789bd7457?narHash=sha256-z5NJPSBwsLf/OfD8WTmh79tlSU8XgIbwmk6qB1/TFzY%3D»/pkgs/development/python-modules/tomli-w/default.nix'
evaluating file '«github:NixOS/nixpkgs/23d72dabcb3b12469f57b37170fcbc1789bd7457?narHash=sha256-z5NJPSBwsLf/OfD8WTmh79tlSU8XgIbwmk6qB1/TFzY%3D»/pkgs/tools/package-management/nix-prefetch-scripts/default.nix'
evaluating file '«github:NixOS/nixpkgs/23d72dabcb3b12469f57b37170fcbc1789bd7457?narHash=sha256-z5NJPSBwsLf/OfD8WTmh79tlSU8XgIbwmk6qB1/TFzY%3D»/pkgs/build-support/rust/fetchcrate.nix'
evaluating file '«github:NixOS/nixpkgs/23d72dabcb3b12469f57b37170fcbc1789bd7457?narHash=sha256-z5NJPSBwsLf/OfD8WTmh79tlSU8XgIbwmk6qB1/TFzY%3D»/pkgs/by-name/bc/bc/package.nix'
evaluating file '«github:NixOS/nixpkgs/23d72dabcb3b12469f57b37170fcbc1789bd7457?narHash=sha256-z5NJPSBwsLf/OfD8WTmh79tlSU8XgIbwmk6qB1/TFzY%3D»/pkgs/applications/networking/sync/rsync/default.nix'
evaluating file '«github:NixOS/nixpkgs/23d72dabcb3b12469f57b37170fcbc1789bd7457?narHash=sha256-z5NJPSBwsLf/OfD8WTmh79tlSU8XgIbwmk6qB1/TFzY%3D»/pkgs/by-name/sm/smartmontools/package.nix'
evaluating file '«github:NixOS/nixpkgs/23d72dabcb3b12469f57b37170fcbc1789bd7457?narHash=sha256-z5NJPSBwsLf/OfD8WTmh79tlSU8XgIbwmk6qB1/TFzY%3D»/pkgs/by-name/sy/sysstat/package.nix'
evaluating file '«github:NixOS/nixpkgs/23d72dabcb3b12469f57b37170fcbc1789bd7457?narHash=sha256-z5NJPSBwsLf/OfD8WTmh79tlSU8XgIbwmk6qB1/TFzY%3D»/pkgs/by-name/ho/hostname-debian/package.nix'
evaluating file '«github:NixOS/nixpkgs/23d72dabcb3b12469f57b37170fcbc1789bd7457?narHash=sha256-z5NJPSBwsLf/OfD8WTmh79tlSU8XgIbwmk6qB1/TFzY%3D»/pkgs/by-name/km/kmod-blacklist-ubuntu/package.nix'
evaluating file '«github:NixOS/nixpkgs/23d72dabcb3b12469f57b37170fcbc1789bd7457?narHash=sha256-z5NJPSBwsLf/OfD8WTmh79tlSU8XgIbwmk6qB1/TFzY%3D»/nixos/modules/system/service/portable/lib.nix'
evaluating file '«github:NixOS/nixpkgs/23d72dabcb3b12469f57b37170fcbc1789bd7457?narHash=sha256-z5NJPSBwsLf/OfD8WTmh79tlSU8XgIbwmk6qB1/TFzY%3D»/pkgs/tools/package-management/nix/default.nix'
evaluating file '«github:NixOS/nixpkgs/23d72dabcb3b12469f57b37170fcbc1789bd7457?narHash=sha256-z5NJPSBwsLf/OfD8WTmh79tlSU8XgIbwmk6qB1/TFzY%3D»/pkgs/tools/package-management/nix/dependencies-scope.nix'
evaluating file '«github:NixOS/nixpkgs/23d72dabcb3b12469f57b37170fcbc1789bd7457?narHash=sha256-z5NJPSBwsLf/OfD8WTmh79tlSU8XgIbwmk6qB1/TFzY%3D»/pkgs/tools/package-management/nix/dependencies.nix'
evaluating file '«github:NixOS/nixpkgs/23d72dabcb3b12469f57b37170fcbc1789bd7457?narHash=sha256-z5NJPSBwsLf/OfD8WTmh79tlSU8XgIbwmk6qB1/TFzY%3D»/pkgs/tools/package-management/nix/modular/packages.nix'
evaluating file '«github:NixOS/nixpkgs/23d72dabcb3b12469f57b37170fcbc1789bd7457?narHash=sha256-z5NJPSBwsLf/OfD8WTmh79tlSU8XgIbwmk6qB1/TFzY%3D»/pkgs/tools/package-management/nix/modular/packaging/components.nix'
evaluating file '«github:NixOS/nixpkgs/23d72dabcb3b12469f57b37170fcbc1789bd7457?narHash=sha256-z5NJPSBwsLf/OfD8WTmh79tlSU8XgIbwmk6qB1/TFzY%3D»/pkgs/tools/package-management/nix/modular/packaging/everything.nix'
evaluating file '«github:NixOS/nixpkgs/23d72dabcb3b12469f57b37170fcbc1789bd7457?narHash=sha256-z5NJPSBwsLf/OfD8WTmh79tlSU8XgIbwmk6qB1/TFzY%3D»/nixos/modules/services/monitoring/prometheus/exporters/apcupsd.nix'
evaluating file '«github:NixOS/nixpkgs/23d72dabcb3b12469f57b37170fcbc1789bd7457?narHash=sha256-z5NJPSBwsLf/OfD8WTmh79tlSU8XgIbwmk6qB1/TFzY%3D»/nixos/modules/services/monitoring/prometheus/exporters/artifactory.nix'
evaluating file '«github:NixOS/nixpkgs/23d72dabcb3b12469f57b37170fcbc1789bd7457?narHash=sha256-z5NJPSBwsLf/OfD8WTmh79tlSU8XgIbwmk6qB1/TFzY%3D»/nixos/modules/services/monitoring/prometheus/exporters/bind.nix'
evaluating file '«github:NixOS/nixpkgs/23d72dabcb3b12469f57b37170fcbc1789bd7457?narHash=sha256-z5NJPSBwsLf/OfD8WTmh79tlSU8XgIbwmk6qB1/TFzY%3D»/nixos/modules/services/monitoring/prometheus/exporters/bird.nix'
evaluating file '«github:NixOS/nixpkgs/23d72dabcb3b12469f57b37170fcbc1789bd7457?narHash=sha256-z5NJPSBwsLf/OfD8WTmh79tlSU8XgIbwmk6qB1/TFzY%3D»/nixos/modules/services/monitoring/prometheus/exporters/bitcoin.nix'
evaluating file '«github:NixOS/nixpkgs/23d72dabcb3b12469f57b37170fcbc1789bd7457?narHash=sha256-z5NJPSBwsLf/OfD8WTmh79tlSU8XgIbwmk6qB1/TFzY%3D»/nixos/modules/services/monitoring/prometheus/exporters/blackbox.nix'
evaluating file '«github:NixOS/nixpkgs/23d72dabcb3b12469f57b37170fcbc1789bd7457?narHash=sha256-z5NJPSBwsLf/OfD8WTmh79tlSU8XgIbwmk6qB1/TFzY%3D»/nixos/modules/services/monitoring/prometheus/exporters/borgmatic.nix'
evaluating file '«github:NixOS/nixpkgs/23d72dabcb3b12469f57b37170fcbc1789bd7457?narHash=sha256-z5NJPSBwsLf/OfD8WTmh79tlSU8XgIbwmk6qB1/TFzY%3D»/nixos/modules/services/monitoring/prometheus/exporters/buildkite-agent.nix'
evaluating file '«github:NixOS/nixpkgs/23d72dabcb3b12469f57b37170fcbc1789bd7457?narHash=sha256-z5NJPSBwsLf/OfD8WTmh79tlSU8XgIbwmk6qB1/TFzY%3D»/nixos/modules/services/monitoring/prometheus/exporters/chrony.nix'
evaluating file '«github:NixOS/nixpkgs/23d72dabcb3b12469f57b37170fcbc1789bd7457?narHash=sha256-z5NJPSBwsLf/OfD8WTmh79tlSU8XgIbwmk6qB1/TFzY%3D»/nixos/modules/services/monitoring/prometheus/exporters/collectd.nix'
evaluating file '«github:NixOS/nixpkgs/23d72dabcb3b12469f57b37170fcbc1789bd7457?narHash=sha256-z5NJPSBwsLf/OfD8WTmh79tlSU8XgIbwmk6qB1/TFzY%3D»/nixos/modules/services/monitoring/prometheus/exporters/deluge.nix'
evaluating file '«github:NixOS/nixpkgs/23d72dabcb3b12469f57b37170fcbc1789bd7457?narHash=sha256-z5NJPSBwsLf/OfD8WTmh79tlSU8XgIbwmk6qB1/TFzY%3D»/nixos/modules/services/monitoring/prometheus/exporters/dmarc.nix'
evaluating file '«github:NixOS/nixpkgs/23d72dabcb3b12469f57b37170fcbc1789bd7457?narHash=sha256-z5NJPSBwsLf/OfD8WTmh79tlSU8XgIbwmk6qB1/TFzY%3D»/nixos/modules/services/monitoring/prometheus/exporters/dnsmasq.nix'
evaluating file '«github:NixOS/nixpkgs/23d72dabcb3b12469f57b37170fcbc1789bd7457?narHash=sha256-z5NJPSBwsLf/OfD8WTmh79tlSU8XgIbwmk6qB1/TFzY%3D»/nixos/modules/services/monitoring/prometheus/exporters/dnssec.nix'
evaluating file '«github:NixOS/nixpkgs/23d72dabcb3b12469f57b37170fcbc1789bd7457?narHash=sha256-z5NJPSBwsLf/OfD8WTmh79tlSU8XgIbwmk6qB1/TFzY%3D»/nixos/modules/services/monitoring/prometheus/exporters/domain.nix'
evaluating file '«github:NixOS/nixpkgs/23d72dabcb3b12469f57b37170fcbc1789bd7457?narHash=sha256-z5NJPSBwsLf/OfD8WTmh79tlSU8XgIbwmk6qB1/TFzY%3D»/nixos/modules/services/monitoring/prometheus/exporters/dovecot.nix'
evaluating file '«github:NixOS/nixpkgs/23d72dabcb3b12469f57b37170fcbc1789bd7457?narHash=sha256-z5NJPSBwsLf/OfD8WTmh79tlSU8XgIbwmk6qB1/TFzY%3D»/nixos/modules/services/monitoring/prometheus/exporters/ebpf.nix'
evaluating file '«github:NixOS/nixpkgs/23d72dabcb3b12469f57b37170fcbc1789bd7457?narHash=sha256-z5NJPSBwsLf/OfD8WTmh79tlSU8XgIbwmk6qB1/TFzY%3D»/nixos/modules/services/monitoring/prometheus/exporters/ecoflow.nix'
evaluating file '«github:NixOS/nixpkgs/23d72dabcb3b12469f57b37170fcbc1789bd7457?narHash=sha256-z5NJPSBwsLf/OfD8WTmh79tlSU8XgIbwmk6qB1/TFzY%3D»/nixos/modules/services/monitoring/prometheus/exporters/exportarr.nix'
evaluating file '«github:NixOS/nixpkgs/23d72dabcb3b12469f57b37170fcbc1789bd7457?narHash=sha256-z5NJPSBwsLf/OfD8WTmh79tlSU8XgIbwmk6qB1/TFzY%3D»/nixos/modules/services/monitoring/prometheus/exporters/fastly.nix'
evaluating file '«github:NixOS/nixpkgs/23d72dabcb3b12469f57b37170fcbc1789bd7457?narHash=sha256-z5NJPSBwsLf/OfD8WTmh79tlSU8XgIbwmk6qB1/TFzY%3D»/nixos/modules/services/monitoring/prometheus/exporters/flow.nix'
evaluating file '«github:NixOS/nixpkgs/23d72dabcb3b12469f57b37170fcbc1789bd7457?narHash=sha256-z5NJPSBwsLf/OfD8WTmh79tlSU8XgIbwmk6qB1/TFzY%3D»/nixos/modules/services/monitoring/prometheus/exporters/fritz.nix'
evaluating file '«github:NixOS/nixpkgs/23d72dabcb3b12469f57b37170fcbc1789bd7457?narHash=sha256-z5NJPSBwsLf/OfD8WTmh79tlSU8XgIbwmk6qB1/TFzY%3D»/nixos/modules/services/monitoring/prometheus/exporters/fritzbox.nix'
evaluating file '«github:NixOS/nixpkgs/23d72dabcb3b12469f57b37170fcbc1789bd7457?narHash=sha256-z5NJPSBwsLf/OfD8WTmh79tlSU8XgIbwmk6qB1/TFzY%3D»/nixos/modules/services/monitoring/prometheus/exporters/frr.nix'
evaluating file '«github:NixOS/nixpkgs/23d72dabcb3b12469f57b37170fcbc1789bd7457?narHash=sha256-z5NJPSBwsLf/OfD8WTmh79tlSU8XgIbwmk6qB1/TFzY%3D»/nixos/modules/services/monitoring/prometheus/exporters/graphite.nix'
evaluating file '«github:NixOS/nixpkgs/23d72dabcb3b12469f57b37170fcbc1789bd7457?narHash=sha256-z5NJPSBwsLf/OfD8WTmh79tlSU8XgIbwmk6qB1/TFzY%3D»/nixos/modules/services/monitoring/prometheus/exporters/idrac.nix'
evaluating file '«github:NixOS/nixpkgs/23d72dabcb3b12469f57b37170fcbc1789bd7457?narHash=sha256-z5NJPSBwsLf/OfD8WTmh79tlSU8XgIbwmk6qB1/TFzY%3D»/nixos/modules/services/monitoring/prometheus/exporters/imap-mailstat.nix'
evaluating file '«github:NixOS/nixpkgs/23d72dabcb3b12469f57b37170fcbc1789bd7457?narHash=sha256-z5NJPSBwsLf/OfD8WTmh79tlSU8XgIbwmk6qB1/TFzY%3D»/nixos/modules/services/monitoring/prometheus/exporters/influxdb.nix'
evaluating file '«github:NixOS/nixpkgs/23d72dabcb3b12469f57b37170fcbc1789bd7457?narHash=sha256-z5NJPSBwsLf/OfD8WTmh79tlSU8XgIbwmk6qB1/TFzY%3D»/nixos/modules/services/monitoring/prometheus/exporters/ipmi.nix'
evaluating file '«github:NixOS/nixpkgs/23d72dabcb3b12469f57b37170fcbc1789bd7457?narHash=sha256-z5NJPSBwsLf/OfD8WTmh79tlSU8XgIbwmk6qB1/TFzY%3D»/nixos/modules/services/monitoring/prometheus/exporters/jitsi.nix'
evaluating file '«github:NixOS/nixpkgs/23d72dabcb3b12469f57b37170fcbc1789bd7457?narHash=sha256-z5NJPSBwsLf/OfD8WTmh79tlSU8XgIbwmk6qB1/TFzY%3D»/nixos/modules/services/monitoring/prometheus/exporters/json.nix'
evaluating file '«github:NixOS/nixpkgs/23d72dabcb3b12469f57b37170fcbc1789bd7457?narHash=sha256-z5NJPSBwsLf/OfD8WTmh79tlSU8XgIbwmk6qB1/TFzY%3D»/nixos/modules/services/monitoring/prometheus/exporters/junos-czerwonk.nix'
evaluating file '«github:NixOS/nixpkgs/23d72dabcb3b12469f57b37170fcbc1789bd7457?narHash=sha256-z5NJPSBwsLf/OfD8WTmh79tlSU8XgIbwmk6qB1/TFzY%3D»/nixos/modules/services/monitoring/prometheus/exporters/kafka.nix'
evaluating file '«github:NixOS/nixpkgs/23d72dabcb3b12469f57b37170fcbc1789bd7457?narHash=sha256-z5NJPSBwsLf/OfD8WTmh79tlSU8XgIbwmk6qB1/TFzY%3D»/nixos/modules/services/monitoring/prometheus/exporters/kea.nix'
evaluating file '«github:NixOS/nixpkgs/23d72dabcb3b12469f57b37170fcbc1789bd7457?narHash=sha256-z5NJPSBwsLf/OfD8WTmh79tlSU8XgIbwmk6qB1/TFzY%3D»/nixos/modules/services/monitoring/prometheus/exporters/keylight.nix'
evaluating file '«github:NixOS/nixpkgs/23d72dabcb3b12469f57b37170fcbc1789bd7457?narHash=sha256-z5NJPSBwsLf/OfD8WTmh79tlSU8XgIbwmk6qB1/TFzY%3D»/nixos/modules/services/monitoring/prometheus/exporters/klipper.nix'
evaluating file '«github:NixOS/nixpkgs/23d72dabcb3b12469f57b37170fcbc1789bd7457?narHash=sha256-z5NJPSBwsLf/OfD8WTmh79tlSU8XgIbwmk6qB1/TFzY%3D»/nixos/modules/services/monitoring/prometheus/exporters/knot.nix'
evaluating file '«github:NixOS/nixpkgs/23d72dabcb3b12469f57b37170fcbc1789bd7457?narHash=sha256-z5NJPSBwsLf/OfD8WTmh79tlSU8XgIbwmk6qB1/TFzY%3D»/nixos/modules/services/monitoring/prometheus/exporters/libvirt.nix'
evaluating file '«github:NixOS/nixpkgs/23d72dabcb3b12469f57b37170fcbc1789bd7457?narHash=sha256-z5NJPSBwsLf/OfD8WTmh79tlSU8XgIbwmk6qB1/TFzY%3D»/nixos/modules/services/monitoring/prometheus/exporters/lnd.nix'
evaluating file '«github:NixOS/nixpkgs/23d72dabcb3b12469f57b37170fcbc1789bd7457?narHash=sha256-z5NJPSBwsLf/OfD8WTmh79tlSU8XgIbwmk6qB1/TFzY%3D»/nixos/modules/services/monitoring/prometheus/exporters/mail.nix'
evaluating file '«github:NixOS/nixpkgs/23d72dabcb3b12469f57b37170fcbc1789bd7457?narHash=sha256-z5NJPSBwsLf/OfD8WTmh79tlSU8XgIbwmk6qB1/TFzY%3D»/nixos/modules/services/monitoring/prometheus/exporters/mailman3.nix'
evaluating file '«github:NixOS/nixpkgs/23d72dabcb3b12469f57b37170fcbc1789bd7457?narHash=sha256-z5NJPSBwsLf/OfD8WTmh79tlSU8XgIbwmk6qB1/TFzY%3D»/nixos/modules/services/monitoring/prometheus/exporters/mikrotik.nix'
evaluating file '«github:NixOS/nixpkgs/23d72dabcb3b12469f57b37170fcbc1789bd7457?narHash=sha256-z5NJPSBwsLf/OfD8WTmh79tlSU8XgIbwmk6qB1/TFzY%3D»/nixos/modules/services/monitoring/prometheus/exporters/modemmanager.nix'
evaluating file '«github:NixOS/nixpkgs/23d72dabcb3b12469f57b37170fcbc1789bd7457?narHash=sha256-z5NJPSBwsLf/OfD8WTmh79tlSU8XgIbwmk6qB1/TFzY%3D»/nixos/modules/services/monitoring/prometheus/exporters/mongodb.nix'
evaluating file '«github:NixOS/nixpkgs/23d72dabcb3b12469f57b37170fcbc1789bd7457?narHash=sha256-z5NJPSBwsLf/OfD8WTmh79tlSU8XgIbwmk6qB1/TFzY%3D»/nixos/modules/services/monitoring/prometheus/exporters/mqtt.nix'
evaluating file '«github:NixOS/nixpkgs/23d72dabcb3b12469f57b37170fcbc1789bd7457?narHash=sha256-z5NJPSBwsLf/OfD8WTmh79tlSU8XgIbwmk6qB1/TFzY%3D»/nixos/modules/services/monitoring/prometheus/exporters/mysqld.nix'
evaluating file '«github:NixOS/nixpkgs/23d72dabcb3b12469f57b37170fcbc1789bd7457?narHash=sha256-z5NJPSBwsLf/OfD8WTmh79tlSU8XgIbwmk6qB1/TFzY%3D»/nixos/modules/services/monitoring/prometheus/exporters/nats.nix'
evaluating file '«github:NixOS/nixpkgs/23d72dabcb3b12469f57b37170fcbc1789bd7457?narHash=sha256-z5NJPSBwsLf/OfD8WTmh79tlSU8XgIbwmk6qB1/TFzY%3D»/nixos/modules/services/monitoring/prometheus/exporters/nextcloud.nix'
evaluating file '«github:NixOS/nixpkgs/23d72dabcb3b12469f57b37170fcbc1789bd7457?narHash=sha256-z5NJPSBwsLf/OfD8WTmh79tlSU8XgIbwmk6qB1/TFzY%3D»/nixos/modules/services/monitoring/prometheus/exporters/nginx.nix'
evaluating file '«github:NixOS/nixpkgs/23d72dabcb3b12469f57b37170fcbc1789bd7457?narHash=sha256-z5NJPSBwsLf/OfD8WTmh79tlSU8XgIbwmk6qB1/TFzY%3D»/nixos/modules/services/monitoring/prometheus/exporters/nginxlog.nix'
evaluating file '«github:NixOS/nixpkgs/23d72dabcb3b12469f57b37170fcbc1789bd7457?narHash=sha256-z5NJPSBwsLf/OfD8WTmh79tlSU8XgIbwmk6qB1/TFzY%3D»/nixos/modules/services/monitoring/prometheus/exporters/node.nix'
evaluating file '«github:NixOS/nixpkgs/23d72dabcb3b12469f57b37170fcbc1789bd7457?narHash=sha256-z5NJPSBwsLf/OfD8WTmh79tlSU8XgIbwmk6qB1/TFzY%3D»/nixos/modules/services/monitoring/prometheus/exporters/node-cert.nix'
evaluating file '«github:NixOS/nixpkgs/23d72dabcb3b12469f57b37170fcbc1789bd7457?narHash=sha256-z5NJPSBwsLf/OfD8WTmh79tlSU8XgIbwmk6qB1/TFzY%3D»/nixos/modules/services/monitoring/prometheus/exporters/nut.nix'
evaluating file '«github:NixOS/nixpkgs/23d72dabcb3b12469f57b37170fcbc1789bd7457?narHash=sha256-z5NJPSBwsLf/OfD8WTmh79tlSU8XgIbwmk6qB1/TFzY%3D»/nixos/modules/services/monitoring/prometheus/exporters/nvidia-gpu.nix'
evaluating file '«github:NixOS/nixpkgs/23d72dabcb3b12469f57b37170fcbc1789bd7457?narHash=sha256-z5NJPSBwsLf/OfD8WTmh79tlSU8XgIbwmk6qB1/TFzY%3D»/nixos/modules/services/monitoring/prometheus/exporters/pgbouncer.nix'
evaluating file '«github:NixOS/nixpkgs/23d72dabcb3b12469f57b37170fcbc1789bd7457?narHash=sha256-z5NJPSBwsLf/OfD8WTmh79tlSU8XgIbwmk6qB1/TFzY%3D»/nixos/modules/services/monitoring/prometheus/exporters/php-fpm.nix'
evaluating file '«github:NixOS/nixpkgs/23d72dabcb3b12469f57b37170fcbc1789bd7457?narHash=sha256-z5NJPSBwsLf/OfD8WTmh79tlSU8XgIbwmk6qB1/TFzY%3D»/nixos/modules/services/monitoring/prometheus/exporters/pihole.nix'
evaluating file '«github:NixOS/nixpkgs/23d72dabcb3b12469f57b37170fcbc1789bd7457?narHash=sha256-z5NJPSBwsLf/OfD8WTmh79tlSU8XgIbwmk6qB1/TFzY%3D»/nixos/modules/services/monitoring/prometheus/exporters/ping.nix'
evaluating file '«github:NixOS/nixpkgs/23d72dabcb3b12469f57b37170fcbc1789bd7457?narHash=sha256-z5NJPSBwsLf/OfD8WTmh79tlSU8XgIbwmk6qB1/TFzY%3D»/nixos/modules/services/monitoring/prometheus/exporters/postfix.nix'
evaluating file '«github:NixOS/nixpkgs/23d72dabcb3b12469f57b37170fcbc1789bd7457?narHash=sha256-z5NJPSBwsLf/OfD8WTmh79tlSU8XgIbwmk6qB1/TFzY%3D»/nixos/modules/services/monitoring/prometheus/exporters/postgres.nix'
evaluating file '«github:NixOS/nixpkgs/23d72dabcb3b12469f57b37170fcbc1789bd7457?narHash=sha256-z5NJPSBwsLf/OfD8WTmh79tlSU8XgIbwmk6qB1/TFzY%3D»/nixos/modules/services/monitoring/prometheus/exporters/process.nix'
evaluating file '«github:NixOS/nixpkgs/23d72dabcb3b12469f57b37170fcbc1789bd7457?narHash=sha256-z5NJPSBwsLf/OfD8WTmh79tlSU8XgIbwmk6qB1/TFzY%3D»/nixos/modules/services/monitoring/prometheus/exporters/pve.nix'
evaluating file '«github:NixOS/nixpkgs/23d72dabcb3b12469f57b37170fcbc1789bd7457?narHash=sha256-z5NJPSBwsLf/OfD8WTmh79tlSU8XgIbwmk6qB1/TFzY%3D»/nixos/modules/services/monitoring/prometheus/exporters/py-air-control.nix'
evaluating file '«github:NixOS/nixpkgs/23d72dabcb3b12469f57b37170fcbc1789bd7457?narHash=sha256-z5NJPSBwsLf/OfD8WTmh79tlSU8XgIbwmk6qB1/TFzY%3D»/nixos/modules/services/monitoring/prometheus/exporters/rasdaemon.nix'
evaluating file '«github:NixOS/nixpkgs/23d72dabcb3b12469f57b37170fcbc1789bd7457?narHash=sha256-z5NJPSBwsLf/OfD8WTmh79tlSU8XgIbwmk6qB1/TFzY%3D»/nixos/modules/services/monitoring/prometheus/exporters/redis.nix'
evaluating file '«github:NixOS/nixpkgs/23d72dabcb3b12469f57b37170fcbc1789bd7457?narHash=sha256-z5NJPSBwsLf/OfD8WTmh79tlSU8XgIbwmk6qB1/TFzY%3D»/nixos/modules/services/monitoring/prometheus/exporters/restic.nix'
evaluating file '«github:NixOS/nixpkgs/23d72dabcb3b12469f57b37170fcbc1789bd7457?narHash=sha256-z5NJPSBwsLf/OfD8WTmh79tlSU8XgIbwmk6qB1/TFzY%3D»/nixos/modules/services/monitoring/prometheus/exporters/rspamd.nix'
evaluating file '«github:NixOS/nixpkgs/23d72dabcb3b12469f57b37170fcbc1789bd7457?narHash=sha256-z5NJPSBwsLf/OfD8WTmh79tlSU8XgIbwmk6qB1/TFzY%3D»/nixos/modules/services/monitoring/prometheus/exporters/rtl_433.nix'
evaluating file '«github:NixOS/nixpkgs/23d72dabcb3b12469f57b37170fcbc1789bd7457?narHash=sha256-z5NJPSBwsLf/OfD8WTmh79tlSU8XgIbwmk6qB1/TFzY%3D»/nixos/modules/services/monitoring/prometheus/exporters/sabnzbd.nix'
evaluating file '«github:NixOS/nixpkgs/23d72dabcb3b12469f57b37170fcbc1789bd7457?narHash=sha256-z5NJPSBwsLf/OfD8WTmh79tlSU8XgIbwmk6qB1/TFzY%3D»/nixos/modules/services/monitoring/prometheus/exporters/scaphandre.nix'
evaluating file '«github:NixOS/nixpkgs/23d72dabcb3b12469f57b37170fcbc1789bd7457?narHash=sha256-z5NJPSBwsLf/OfD8WTmh79tlSU8XgIbwmk6qB1/TFzY%3D»/nixos/modules/services/monitoring/prometheus/exporters/script.nix'
evaluating file '«github:NixOS/nixpkgs/23d72dabcb3b12469f57b37170fcbc1789bd7457?narHash=sha256-z5NJPSBwsLf/OfD8WTmh79tlSU8XgIbwmk6qB1/TFzY%3D»/nixos/modules/services/monitoring/prometheus/exporters/shelly.nix'
evaluating file '«github:NixOS/nixpkgs/23d72dabcb3b12469f57b37170fcbc1789bd7457?narHash=sha256-z5NJPSBwsLf/OfD8WTmh79tlSU8XgIbwmk6qB1/TFzY%3D»/nixos/modules/services/monitoring/prometheus/exporters/smartctl.nix'
evaluating file '«github:NixOS/nixpkgs/23d72dabcb3b12469f57b37170fcbc1789bd7457?narHash=sha256-z5NJPSBwsLf/OfD8WTmh79tlSU8XgIbwmk6qB1/TFzY%3D»/nixos/modules/services/monitoring/prometheus/exporters/smokeping.nix'
evaluating file '«github:NixOS/nixpkgs/23d72dabcb3b12469f57b37170fcbc1789bd7457?narHash=sha256-z5NJPSBwsLf/OfD8WTmh79tlSU8XgIbwmk6qB1/TFzY%3D»/nixos/modules/services/monitoring/prometheus/exporters/snmp.nix'
evaluating file '«github:NixOS/nixpkgs/23d72dabcb3b12469f57b37170fcbc1789bd7457?narHash=sha256-z5NJPSBwsLf/OfD8WTmh79tlSU8XgIbwmk6qB1/TFzY%3D»/nixos/modules/services/monitoring/prometheus/exporters/sql.nix'
evaluating file '«github:NixOS/nixpkgs/23d72dabcb3b12469f57b37170fcbc1789bd7457?narHash=sha256-z5NJPSBwsLf/OfD8WTmh79tlSU8XgIbwmk6qB1/TFzY%3D»/nixos/modules/services/monitoring/prometheus/exporters/statsd.nix'
evaluating file '«github:NixOS/nixpkgs/23d72dabcb3b12469f57b37170fcbc1789bd7457?narHash=sha256-z5NJPSBwsLf/OfD8WTmh79tlSU8XgIbwmk6qB1/TFzY%3D»/nixos/modules/services/monitoring/prometheus/exporters/storagebox.nix'
evaluating file '«github:NixOS/nixpkgs/23d72dabcb3b12469f57b37170fcbc1789bd7457?narHash=sha256-z5NJPSBwsLf/OfD8WTmh79tlSU8XgIbwmk6qB1/TFzY%3D»/nixos/modules/services/monitoring/prometheus/exporters/surfboard.nix'
evaluating file '«github:NixOS/nixpkgs/23d72dabcb3b12469f57b37170fcbc1789bd7457?narHash=sha256-z5NJPSBwsLf/OfD8WTmh79tlSU8XgIbwmk6qB1/TFzY%3D»/nixos/modules/services/monitoring/prometheus/exporters/systemd.nix'
evaluating file '«github:NixOS/nixpkgs/23d72dabcb3b12469f57b37170fcbc1789bd7457?narHash=sha256-z5NJPSBwsLf/OfD8WTmh79tlSU8XgIbwmk6qB1/TFzY%3D»/nixos/modules/services/monitoring/prometheus/exporters/tailscale.nix'
evaluating file '«github:NixOS/nixpkgs/23d72dabcb3b12469f57b37170fcbc1789bd7457?narHash=sha256-z5NJPSBwsLf/OfD8WTmh79tlSU8XgIbwmk6qB1/TFzY%3D»/nixos/modules/services/monitoring/prometheus/exporters/tibber.nix'
evaluating file '«github:NixOS/nixpkgs/23d72dabcb3b12469f57b37170fcbc1789bd7457?narHash=sha256-z5NJPSBwsLf/OfD8WTmh79tlSU8XgIbwmk6qB1/TFzY%3D»/nixos/modules/services/monitoring/prometheus/exporters/unbound.nix'
evaluating file '«github:NixOS/nixpkgs/23d72dabcb3b12469f57b37170fcbc1789bd7457?narHash=sha256-z5NJPSBwsLf/OfD8WTmh79tlSU8XgIbwmk6qB1/TFzY%3D»/nixos/modules/services/monitoring/prometheus/exporters/unpoller.nix'
evaluating file '«github:NixOS/nixpkgs/23d72dabcb3b12469f57b37170fcbc1789bd7457?narHash=sha256-z5NJPSBwsLf/OfD8WTmh79tlSU8XgIbwmk6qB1/TFzY%3D»/nixos/modules/services/monitoring/prometheus/exporters/v2ray.nix'
evaluating file '«github:NixOS/nixpkgs/23d72dabcb3b12469f57b37170fcbc1789bd7457?narHash=sha256-z5NJPSBwsLf/OfD8WTmh79tlSU8XgIbwmk6qB1/TFzY%3D»/nixos/modules/services/monitoring/prometheus/exporters/varnish.nix'
evaluating file '«github:NixOS/nixpkgs/23d72dabcb3b12469f57b37170fcbc1789bd7457?narHash=sha256-z5NJPSBwsLf/OfD8WTmh79tlSU8XgIbwmk6qB1/TFzY%3D»/nixos/modules/services/monitoring/prometheus/exporters/wireguard.nix'
evaluating file '«github:NixOS/nixpkgs/23d72dabcb3b12469f57b37170fcbc1789bd7457?narHash=sha256-z5NJPSBwsLf/OfD8WTmh79tlSU8XgIbwmk6qB1/TFzY%3D»/nixos/modules/services/monitoring/prometheus/exporters/zfs.nix'
evaluating file '«github:NixOS/nixpkgs/23d72dabcb3b12469f57b37170fcbc1789bd7457?narHash=sha256-z5NJPSBwsLf/OfD8WTmh79tlSU8XgIbwmk6qB1/TFzY%3D»/pkgs/by-name/km/kmod-debian-aliases/package.nix'
evaluating file '«github:NixOS/nixpkgs/23d72dabcb3b12469f57b37170fcbc1789bd7457?narHash=sha256-z5NJPSBwsLf/OfD8WTmh79tlSU8XgIbwmk6qB1/TFzY%3D»/pkgs/build-support/kernel/initrd-compressor-meta.nix'
evaluating file '«github:NixOS/nixpkgs/23d72dabcb3b12469f57b37170fcbc1789bd7457?narHash=sha256-z5NJPSBwsLf/OfD8WTmh79tlSU8XgIbwmk6qB1/TFzY%3D»/pkgs/by-name/ni/nixos-grub2-theme/package.nix'
evaluating file '«github:NixOS/nixpkgs/23d72dabcb3b12469f57b37170fcbc1789bd7457?narHash=sha256-z5NJPSBwsLf/OfD8WTmh79tlSU8XgIbwmk6qB1/TFzY%3D»/nixos/modules/services/matrix/pantalaimon-options.nix'
evaluating file '«github:NixOS/nixpkgs/23d72dabcb3b12469f57b37170fcbc1789bd7457?narHash=sha256-z5NJPSBwsLf/OfD8WTmh79tlSU8XgIbwmk6qB1/TFzY%3D»/nixos/lib/systemd-lib.nix'
evaluating file '«github:NixOS/nixpkgs/23d72dabcb3b12469f57b37170fcbc1789bd7457?narHash=sha256-z5NJPSBwsLf/OfD8WTmh79tlSU8XgIbwmk6qB1/TFzY%3D»/lib/generators.nix'
evaluating file '«github:NixOS/nixpkgs/23d72dabcb3b12469f57b37170fcbc1789bd7457?narHash=sha256-z5NJPSBwsLf/OfD8WTmh79tlSU8XgIbwmk6qB1/TFzY%3D»/pkgs/tools/networking/openssh/default.nix'
evaluating file '«github:NixOS/nixpkgs/23d72dabcb3b12469f57b37170fcbc1789bd7457?narHash=sha256-z5NJPSBwsLf/OfD8WTmh79tlSU8XgIbwmk6qB1/TFzY%3D»/pkgs/tools/networking/openssh/common.nix'
evaluating file '«github:NixOS/nixpkgs/23d72dabcb3b12469f57b37170fcbc1789bd7457?narHash=sha256-z5NJPSBwsLf/OfD8WTmh79tlSU8XgIbwmk6qB1/TFzY%3D»/pkgs/by-name/ld/ldns/package.nix'
evaluating file '«github:NixOS/nixpkgs/23d72dabcb3b12469f57b37170fcbc1789bd7457?narHash=sha256-z5NJPSBwsLf/OfD8WTmh79tlSU8XgIbwmk6qB1/TFzY%3D»/pkgs/by-name/li/libredirect/package.nix'
evaluating file '«github:NixOS/nixpkgs/23d72dabcb3b12469f57b37170fcbc1789bd7457?narHash=sha256-z5NJPSBwsLf/OfD8WTmh79tlSU8XgIbwmk6qB1/TFzY%3D»/pkgs/by-name/so/softhsm/package.nix'
evaluating file '«github:NixOS/nixpkgs/23d72dabcb3b12469f57b37170fcbc1789bd7457?narHash=sha256-z5NJPSBwsLf/OfD8WTmh79tlSU8XgIbwmk6qB1/TFzY%3D»/pkgs/by-name/su/sudo/package.nix'
evaluating file '«github:NixOS/nixpkgs/23d72dabcb3b12469f57b37170fcbc1789bd7457?narHash=sha256-z5NJPSBwsLf/OfD8WTmh79tlSU8XgIbwmk6qB1/TFzY%3D»/pkgs/by-name/fi/fish/package.nix'
evaluating file '«github:NixOS/nixpkgs/23d72dabcb3b12469f57b37170fcbc1789bd7457?narHash=sha256-z5NJPSBwsLf/OfD8WTmh79tlSU8XgIbwmk6qB1/TFzY%3D»/pkgs/by-name/xo/xonsh/package.nix'
evaluating file '«github:NixOS/nixpkgs/23d72dabcb3b12469f57b37170fcbc1789bd7457?narHash=sha256-z5NJPSBwsLf/OfD8WTmh79tlSU8XgIbwmk6qB1/TFzY%3D»/pkgs/by-name/xo/xonsh/unwrapped.nix'
evaluating file '«github:NixOS/nixpkgs/23d72dabcb3b12469f57b37170fcbc1789bd7457?narHash=sha256-z5NJPSBwsLf/OfD8WTmh79tlSU8XgIbwmk6qB1/TFzY%3D»/pkgs/development/python-modules/pip/default.nix'
evaluating file '«github:NixOS/nixpkgs/23d72dabcb3b12469f57b37170fcbc1789bd7457?narHash=sha256-z5NJPSBwsLf/OfD8WTmh79tlSU8XgIbwmk6qB1/TFzY%3D»/pkgs/development/python-modules/sphinx-issues/default.nix'
evaluating file '«github:NixOS/nixpkgs/23d72dabcb3b12469f57b37170fcbc1789bd7457?narHash=sha256-z5NJPSBwsLf/OfD8WTmh79tlSU8XgIbwmk6qB1/TFzY%3D»/pkgs/development/python-modules/pyte/default.nix'
evaluating file '«github:NixOS/nixpkgs/23d72dabcb3b12469f57b37170fcbc1789bd7457?narHash=sha256-z5NJPSBwsLf/OfD8WTmh79tlSU8XgIbwmk6qB1/TFzY%3D»/pkgs/development/python-modules/wcwidth/default.nix'
evaluating file '«github:NixOS/nixpkgs/23d72dabcb3b12469f57b37170fcbc1789bd7457?narHash=sha256-z5NJPSBwsLf/OfD8WTmh79tlSU8XgIbwmk6qB1/TFzY%3D»/pkgs/development/python-modules/pytest-subprocess/default.nix'
evaluating file '«github:NixOS/nixpkgs/23d72dabcb3b12469f57b37170fcbc1789bd7457?narHash=sha256-z5NJPSBwsLf/OfD8WTmh79tlSU8XgIbwmk6qB1/TFzY%3D»/pkgs/development/python-modules/pytest-rerunfailures/default.nix'
evaluating file '«github:NixOS/nixpkgs/23d72dabcb3b12469f57b37170fcbc1789bd7457?narHash=sha256-z5NJPSBwsLf/OfD8WTmh79tlSU8XgIbwmk6qB1/TFzY%3D»/pkgs/development/python-modules/anyio/default.nix'
evaluating file '«github:NixOS/nixpkgs/23d72dabcb3b12469f57b37170fcbc1789bd7457?narHash=sha256-z5NJPSBwsLf/OfD8WTmh79tlSU8XgIbwmk6qB1/TFzY%3D»/pkgs/development/python-modules/blockbuster/default.nix'
evaluating file '«github:NixOS/nixpkgs/23d72dabcb3b12469f57b37170fcbc1789bd7457?narHash=sha256-z5NJPSBwsLf/OfD8WTmh79tlSU8XgIbwmk6qB1/TFzY%3D»/pkgs/development/python-modules/forbiddenfruit/default.nix'
evaluating file '«github:NixOS/nixpkgs/23d72dabcb3b12469f57b37170fcbc1789bd7457?narHash=sha256-z5NJPSBwsLf/OfD8WTmh79tlSU8XgIbwmk6qB1/TFzY%3D»/pkgs/development/python-modules/exceptiongroup/default.nix'
evaluating file '«github:NixOS/nixpkgs/23d72dabcb3b12469f57b37170fcbc1789bd7457?narHash=sha256-z5NJPSBwsLf/OfD8WTmh79tlSU8XgIbwmk6qB1/TFzY%3D»/pkgs/development/python-modules/flit-scm/default.nix'
evaluating file '«github:NixOS/nixpkgs/23d72dabcb3b12469f57b37170fcbc1789bd7457?narHash=sha256-z5NJPSBwsLf/OfD8WTmh79tlSU8XgIbwmk6qB1/TFzY%3D»/pkgs/development/python-modules/hypothesis/default.nix'
evaluating file '«github:NixOS/nixpkgs/23d72dabcb3b12469f57b37170fcbc1789bd7457?narHash=sha256-z5NJPSBwsLf/OfD8WTmh79tlSU8XgIbwmk6qB1/TFzY%3D»/pkgs/development/python-modules/sortedcontainers/default.nix'
evaluating file '«github:NixOS/nixpkgs/23d72dabcb3b12469f57b37170fcbc1789bd7457?narHash=sha256-z5NJPSBwsLf/OfD8WTmh79tlSU8XgIbwmk6qB1/TFzY%3D»/pkgs/development/python-modules/trustme/default.nix'
evaluating file '«github:NixOS/nixpkgs/23d72dabcb3b12469f57b37170fcbc1789bd7457?narHash=sha256-z5NJPSBwsLf/OfD8WTmh79tlSU8XgIbwmk6qB1/TFzY%3D»/pkgs/development/python-modules/pyopenssl/default.nix'
evaluating file '«github:NixOS/nixpkgs/23d72dabcb3b12469f57b37170fcbc1789bd7457?narHash=sha256-z5NJPSBwsLf/OfD8WTmh79tlSU8XgIbwmk6qB1/TFzY%3D»/pkgs/development/python-modules/sphinx-rtd-theme/default.nix'
evaluating file '«github:NixOS/nixpkgs/23d72dabcb3b12469f57b37170fcbc1789bd7457?narHash=sha256-z5NJPSBwsLf/OfD8WTmh79tlSU8XgIbwmk6qB1/TFzY%3D»/pkgs/development/python-modules/readthedocs-sphinx-ext/default.nix'
evaluating file '«github:NixOS/nixpkgs/23d72dabcb3b12469f57b37170fcbc1789bd7457?narHash=sha256-z5NJPSBwsLf/OfD8WTmh79tlSU8XgIbwmk6qB1/TFzY%3D»/pkgs/development/python-modules/sphinxcontrib-jquery/default.nix'
evaluating file '«github:NixOS/nixpkgs/23d72dabcb3b12469f57b37170fcbc1789bd7457?narHash=sha256-z5NJPSBwsLf/OfD8WTmh79tlSU8XgIbwmk6qB1/TFzY%3D»/pkgs/development/python-modules/pretend/default.nix'
evaluating file '«github:NixOS/nixpkgs/23d72dabcb3b12469f57b37170fcbc1789bd7457?narHash=sha256-z5NJPSBwsLf/OfD8WTmh79tlSU8XgIbwmk6qB1/TFzY%3D»/pkgs/development/python-modules/cryptography/default.nix'
evaluating file '«github:NixOS/nixpkgs/23d72dabcb3b12469f57b37170fcbc1789bd7457?narHash=sha256-z5NJPSBwsLf/OfD8WTmh79tlSU8XgIbwmk6qB1/TFzY%3D»/pkgs/by-name/ma/maturin/package.nix'
evaluating file '«github:NixOS/nixpkgs/23d72dabcb3b12469f57b37170fcbc1789bd7457?narHash=sha256-z5NJPSBwsLf/OfD8WTmh79tlSU8XgIbwmk6qB1/TFzY%3D»/pkgs/development/python-modules/cryptography/vectors.nix'
evaluating file '«github:NixOS/nixpkgs/23d72dabcb3b12469f57b37170fcbc1789bd7457?narHash=sha256-z5NJPSBwsLf/OfD8WTmh79tlSU8XgIbwmk6qB1/TFzY%3D»/pkgs/development/python-modules/uv-build/default.nix'
evaluating file '«github:NixOS/nixpkgs/23d72dabcb3b12469f57b37170fcbc1789bd7457?narHash=sha256-z5NJPSBwsLf/OfD8WTmh79tlSU8XgIbwmk6qB1/TFzY%3D»/pkgs/by-name/uv/uv/package.nix'
evaluating file '«github:NixOS/nixpkgs/23d72dabcb3b12469f57b37170fcbc1789bd7457?narHash=sha256-z5NJPSBwsLf/OfD8WTmh79tlSU8XgIbwmk6qB1/TFzY%3D»/pkgs/development/python-modules/bcrypt/default.nix'
evaluating file '«github:NixOS/nixpkgs/23d72dabcb3b12469f57b37170fcbc1789bd7457?narHash=sha256-z5NJPSBwsLf/OfD8WTmh79tlSU8XgIbwmk6qB1/TFzY%3D»/pkgs/development/python-modules/setuptools-rust/default.nix'
evaluating file '«github:NixOS/nixpkgs/23d72dabcb3b12469f57b37170fcbc1789bd7457?narHash=sha256-z5NJPSBwsLf/OfD8WTmh79tlSU8XgIbwmk6qB1/TFzY%3D»/pkgs/development/python-modules/semantic-version/default.nix'
evaluating file '«github:NixOS/nixpkgs/23d72dabcb3b12469f57b37170fcbc1789bd7457?narHash=sha256-z5NJPSBwsLf/OfD8WTmh79tlSU8XgIbwmk6qB1/TFzY%3D»/pkgs/development/python-modules/service-identity/default.nix'
evaluating file '«github:NixOS/nixpkgs/23d72dabcb3b12469f57b37170fcbc1789bd7457?narHash=sha256-z5NJPSBwsLf/OfD8WTmh79tlSU8XgIbwmk6qB1/TFzY%3D»/pkgs/development/python-modules/hatch-fancy-pypi-readme/default.nix'
evaluating file '«github:NixOS/nixpkgs/23d72dabcb3b12469f57b37170fcbc1789bd7457?narHash=sha256-z5NJPSBwsLf/OfD8WTmh79tlSU8XgIbwmk6qB1/TFzY%3D»/pkgs/development/python-modules/pyasn1/default.nix'
evaluating file '«github:NixOS/nixpkgs/23d72dabcb3b12469f57b37170fcbc1789bd7457?narHash=sha256-z5NJPSBwsLf/OfD8WTmh79tlSU8XgIbwmk6qB1/TFzY%3D»/pkgs/development/python-modules/pyasn1-modules/default.nix'
evaluating file '«github:NixOS/nixpkgs/23d72dabcb3b12469f57b37170fcbc1789bd7457?narHash=sha256-z5NJPSBwsLf/OfD8WTmh79tlSU8XgIbwmk6qB1/TFzY%3D»/pkgs/development/python-modules/uvloop/default.nix'
evaluating file '«github:NixOS/nixpkgs/23d72dabcb3b12469f57b37170fcbc1789bd7457?narHash=sha256-z5NJPSBwsLf/OfD8WTmh79tlSU8XgIbwmk6qB1/TFzY%3D»/pkgs/development/python-modules/trio/default.nix'
evaluating file '«github:NixOS/nixpkgs/23d72dabcb3b12469f57b37170fcbc1789bd7457?narHash=sha256-z5NJPSBwsLf/OfD8WTmh79tlSU8XgIbwmk6qB1/TFzY%3D»/pkgs/development/python-modules/astor/default.nix'
evaluating file '«github:NixOS/nixpkgs/23d72dabcb3b12469f57b37170fcbc1789bd7457?narHash=sha256-z5NJPSBwsLf/OfD8WTmh79tlSU8XgIbwmk6qB1/TFzY%3D»/pkgs/development/python-modules/jedi/default.nix'
evaluating file '«github:NixOS/nixpkgs/23d72dabcb3b12469f57b37170fcbc1789bd7457?narHash=sha256-z5NJPSBwsLf/OfD8WTmh79tlSU8XgIbwmk6qB1/TFzY%3D»/pkgs/development/python-modules/parso/default.nix'
evaluating file '«github:NixOS/nixpkgs/23d72dabcb3b12469f57b37170fcbc1789bd7457?narHash=sha256-z5NJPSBwsLf/OfD8WTmh79tlSU8XgIbwmk6qB1/TFzY%3D»/pkgs/development/python-modules/pytest-trio/default.nix'
evaluating file '«github:NixOS/nixpkgs/23d72dabcb3b12469f57b37170fcbc1789bd7457?narHash=sha256-z5NJPSBwsLf/OfD8WTmh79tlSU8XgIbwmk6qB1/TFzY%3D»/pkgs/development/python-modules/outcome/default.nix'
evaluating file '«github:NixOS/nixpkgs/23d72dabcb3b12469f57b37170fcbc1789bd7457?narHash=sha256-z5NJPSBwsLf/OfD8WTmh79tlSU8XgIbwmk6qB1/TFzY%3D»/pkgs/development/python-modules/sniffio/default.nix'
evaluating file '«github:NixOS/nixpkgs/23d72dabcb3b12469f57b37170fcbc1789bd7457?narHash=sha256-z5NJPSBwsLf/OfD8WTmh79tlSU8XgIbwmk6qB1/TFzY%3D»/pkgs/development/python-modules/curio/default.nix'
evaluating file '«github:NixOS/nixpkgs/23d72dabcb3b12469f57b37170fcbc1789bd7457?narHash=sha256-z5NJPSBwsLf/OfD8WTmh79tlSU8XgIbwmk6qB1/TFzY%3D»/pkgs/development/python-modules/ply/default.nix'
evaluating file '«github:NixOS/nixpkgs/23d72dabcb3b12469f57b37170fcbc1789bd7457?narHash=sha256-z5NJPSBwsLf/OfD8WTmh79tlSU8XgIbwmk6qB1/TFzY%3D»/pkgs/development/python-modules/prompt-toolkit/default.nix'
evaluating file '«github:NixOS/nixpkgs/23d72dabcb3b12469f57b37170fcbc1789bd7457?narHash=sha256-z5NJPSBwsLf/OfD8WTmh79tlSU8XgIbwmk6qB1/TFzY%3D»/pkgs/by-name/zs/zsh/package.nix'
evaluating file '«github:NixOS/nixpkgs/23d72dabcb3b12469f57b37170fcbc1789bd7457?narHash=sha256-z5NJPSBwsLf/OfD8WTmh79tlSU8XgIbwmk6qB1/TFzY%3D»/pkgs/by-name/yo/yodl/package.nix'
evaluating file '«github:NixOS/nixpkgs/23d72dabcb3b12469f57b37170fcbc1789bd7457?narHash=sha256-z5NJPSBwsLf/OfD8WTmh79tlSU8XgIbwmk6qB1/TFzY%3D»/pkgs/by-name/ic/icmake/package.nix'
evaluating file '«github:NixOS/nixpkgs/23d72dabcb3b12469f57b37170fcbc1789bd7457?narHash=sha256-z5NJPSBwsLf/OfD8WTmh79tlSU8XgIbwmk6qB1/TFzY%3D»/nixos/modules/services/web-servers/nginx/vhost-options.nix'
evaluating file '«github:NixOS/nixpkgs/23d72dabcb3b12469f57b37170fcbc1789bd7457?narHash=sha256-z5NJPSBwsLf/OfD8WTmh79tlSU8XgIbwmk6qB1/TFzY%3D»/nixos/modules/services/networking/helpers.nix'
evaluating file '«github:NixOS/nixpkgs/23d72dabcb3b12469f57b37170fcbc1789bd7457?narHash=sha256-z5NJPSBwsLf/OfD8WTmh79tlSU8XgIbwmk6qB1/TFzY%3D»/pkgs/build-support/kernel/make-initrd-ng-tool.nix'
evaluating file '«github:NixOS/nixpkgs/23d72dabcb3b12469f57b37170fcbc1789bd7457?narHash=sha256-z5NJPSBwsLf/OfD8WTmh79tlSU8XgIbwmk6qB1/TFzY%3D»/pkgs/build-support/rust/import-cargo-lock.nix'
evaluating file '«github:NixOS/nixpkgs/23d72dabcb3b12469f57b37170fcbc1789bd7457?narHash=sha256-z5NJPSBwsLf/OfD8WTmh79tlSU8XgIbwmk6qB1/TFzY%3D»/pkgs/by-name/li/libtirpc/package.nix'
evaluating file '«github:NixOS/nixpkgs/23d72dabcb3b12469f57b37170fcbc1789bd7457?narHash=sha256-z5NJPSBwsLf/OfD8WTmh79tlSU8XgIbwmk6qB1/TFzY%3D»/pkgs/by-name/nf/nfs-utils/package.nix'
evaluating file '«github:NixOS/nixpkgs/23d72dabcb3b12469f57b37170fcbc1789bd7457?narHash=sha256-z5NJPSBwsLf/OfD8WTmh79tlSU8XgIbwmk6qB1/TFzY%3D»/pkgs/by-name/tc/tcp_wrappers/package.nix'
evaluating file '«github:NixOS/nixpkgs/23d72dabcb3b12469f57b37170fcbc1789bd7457?narHash=sha256-z5NJPSBwsLf/OfD8WTmh79tlSU8XgIbwmk6qB1/TFzY%3D»/pkgs/by-name/li/libnsl/package.nix'
evaluating file '«github:NixOS/nixpkgs/23d72dabcb3b12469f57b37170fcbc1789bd7457?narHash=sha256-z5NJPSBwsLf/OfD8WTmh79tlSU8XgIbwmk6qB1/TFzY%3D»/pkgs/by-name/op/openldap/package.nix'
evaluating file '«github:NixOS/nixpkgs/23d72dabcb3b12469f57b37170fcbc1789bd7457?narHash=sha256-z5NJPSBwsLf/OfD8WTmh79tlSU8XgIbwmk6qB1/TFzY%3D»/pkgs/by-name/cy/cyrus_sasl/package.nix'
evaluating file '«github:NixOS/nixpkgs/23d72dabcb3b12469f57b37170fcbc1789bd7457?narHash=sha256-z5NJPSBwsLf/OfD8WTmh79tlSU8XgIbwmk6qB1/TFzY%3D»/pkgs/by-name/rp/rpcsvc-proto/package.nix'
evaluating file '«github:NixOS/nixpkgs/23d72dabcb3b12469f57b37170fcbc1789bd7457?narHash=sha256-z5NJPSBwsLf/OfD8WTmh79tlSU8XgIbwmk6qB1/TFzY%3D»/pkgs/by-name/op/openresolv/package.nix'
evaluating file '«github:NixOS/nixpkgs/23d72dabcb3b12469f57b37170fcbc1789bd7457?narHash=sha256-z5NJPSBwsLf/OfD8WTmh79tlSU8XgIbwmk6qB1/TFzY%3D»/pkgs/tools/package-management/nix/modular/src/nix/package.nix'
evaluating file '«github:NixOS/nixpkgs/23d72dabcb3b12469f57b37170fcbc1789bd7457?narHash=sha256-z5NJPSBwsLf/OfD8WTmh79tlSU8XgIbwmk6qB1/TFzY%3D»/pkgs/tools/package-management/nix/modular/src/libutil-tests/package.nix'
evaluating file '«github:NixOS/nixpkgs/23d72dabcb3b12469f57b37170fcbc1789bd7457?narHash=sha256-z5NJPSBwsLf/OfD8WTmh79tlSU8XgIbwmk6qB1/TFzY%3D»/lib/path/default.nix'
evaluating file '«github:NixOS/nixpkgs/23d72dabcb3b12469f57b37170fcbc1789bd7457?narHash=sha256-z5NJPSBwsLf/OfD8WTmh79tlSU8XgIbwmk6qB1/TFzY%3D»/pkgs/tools/package-management/nix/modular/src/libutil/package.nix'
evaluating file '«github:NixOS/nixpkgs/23d72dabcb3b12469f57b37170fcbc1789bd7457?narHash=sha256-z5NJPSBwsLf/OfD8WTmh79tlSU8XgIbwmk6qB1/TFzY%3D»/pkgs/by-name/li/libblake3/package.nix'
evaluating file '«github:NixOS/nixpkgs/23d72dabcb3b12469f57b37170fcbc1789bd7457?narHash=sha256-z5NJPSBwsLf/OfD8WTmh79tlSU8XgIbwmk6qB1/TFzY%3D»/pkgs/by-name/on/onetbb/package.nix'
evaluating file '«github:NixOS/nixpkgs/23d72dabcb3b12469f57b37170fcbc1789bd7457?narHash=sha256-z5NJPSBwsLf/OfD8WTmh79tlSU8XgIbwmk6qB1/TFzY%3D»/pkgs/by-name/hw/hwloc/package.nix'
evaluating file '«github:NixOS/nixpkgs/23d72dabcb3b12469f57b37170fcbc1789bd7457?narHash=sha256-z5NJPSBwsLf/OfD8WTmh79tlSU8XgIbwmk6qB1/TFzY%3D»/pkgs/by-name/nu/numactl/package.nix'
evaluating file '«github:NixOS/nixpkgs/23d72dabcb3b12469f57b37170fcbc1789bd7457?narHash=sha256-z5NJPSBwsLf/OfD8WTmh79tlSU8XgIbwmk6qB1/TFzY%3D»/pkgs/by-name/ct/ctestCheckHook/package.nix'
evaluating file '«github:NixOS/nixpkgs/23d72dabcb3b12469f57b37170fcbc1789bd7457?narHash=sha256-z5NJPSBwsLf/OfD8WTmh79tlSU8XgIbwmk6qB1/TFzY%3D»/pkgs/by-name/li/libcpuid/package.nix'
evaluating file '«github:NixOS/nixpkgs/23d72dabcb3b12469f57b37170fcbc1789bd7457?narHash=sha256-z5NJPSBwsLf/OfD8WTmh79tlSU8XgIbwmk6qB1/TFzY%3D»/pkgs/by-name/nl/nlohmann_json/package.nix'
evaluating file '«github:NixOS/nixpkgs/23d72dabcb3b12469f57b37170fcbc1789bd7457?narHash=sha256-z5NJPSBwsLf/OfD8WTmh79tlSU8XgIbwmk6qB1/TFzY%3D»/pkgs/tools/package-management/nix/modular/src/libutil-c/package.nix'
evaluating file '«github:NixOS/nixpkgs/23d72dabcb3b12469f57b37170fcbc1789bd7457?narHash=sha256-z5NJPSBwsLf/OfD8WTmh79tlSU8XgIbwmk6qB1/TFzY%3D»/pkgs/tools/package-management/nix/modular/src/libutil-test-support/package.nix'
evaluating file '«github:NixOS/nixpkgs/23d72dabcb3b12469f57b37170fcbc1789bd7457?narHash=sha256-z5NJPSBwsLf/OfD8WTmh79tlSU8XgIbwmk6qB1/TFzY%3D»/pkgs/by-name/ra/rapidcheck/package.nix'
evaluating file '«github:NixOS/nixpkgs/23d72dabcb3b12469f57b37170fcbc1789bd7457?narHash=sha256-z5NJPSBwsLf/OfD8WTmh79tlSU8XgIbwmk6qB1/TFzY%3D»/pkgs/tools/package-management/nix/modular/src/libstore-tests/package.nix'
evaluating file '«github:NixOS/nixpkgs/23d72dabcb3b12469f57b37170fcbc1789bd7457?narHash=sha256-z5NJPSBwsLf/OfD8WTmh79tlSU8XgIbwmk6qB1/TFzY%3D»/pkgs/tools/package-management/nix/modular/src/libstore/package.nix'
evaluating file '«github:NixOS/nixpkgs/23d72dabcb3b12469f57b37170fcbc1789bd7457?narHash=sha256-z5NJPSBwsLf/OfD8WTmh79tlSU8XgIbwmk6qB1/TFzY%3D»/pkgs/by-name/aw/aws-sdk-cpp/package.nix'
evaluating file '«github:NixOS/nixpkgs/23d72dabcb3b12469f57b37170fcbc1789bd7457?narHash=sha256-z5NJPSBwsLf/OfD8WTmh79tlSU8XgIbwmk6qB1/TFzY%3D»/pkgs/by-name/aw/aws-crt-cpp/package.nix'
evaluating file '«github:NixOS/nixpkgs/23d72dabcb3b12469f57b37170fcbc1789bd7457?narHash=sha256-z5NJPSBwsLf/OfD8WTmh79tlSU8XgIbwmk6qB1/TFzY%3D»/pkgs/by-name/aw/aws-c-auth/package.nix'
evaluating file '«github:NixOS/nixpkgs/23d72dabcb3b12469f57b37170fcbc1789bd7457?narHash=sha256-z5NJPSBwsLf/OfD8WTmh79tlSU8XgIbwmk6qB1/TFzY%3D»/pkgs/by-name/aw/aws-c-cal/package.nix'
evaluating file '«github:NixOS/nixpkgs/23d72dabcb3b12469f57b37170fcbc1789bd7457?narHash=sha256-z5NJPSBwsLf/OfD8WTmh79tlSU8XgIbwmk6qB1/TFzY%3D»/pkgs/by-name/aw/aws-c-common/package.nix'
evaluating file '«github:NixOS/nixpkgs/23d72dabcb3b12469f57b37170fcbc1789bd7457?narHash=sha256-z5NJPSBwsLf/OfD8WTmh79tlSU8XgIbwmk6qB1/TFzY%3D»/pkgs/by-name/aw/aws-c-compression/package.nix'
evaluating file '«github:NixOS/nixpkgs/23d72dabcb3b12469f57b37170fcbc1789bd7457?narHash=sha256-z5NJPSBwsLf/OfD8WTmh79tlSU8XgIbwmk6qB1/TFzY%3D»/pkgs/by-name/aw/aws-c-http/package.nix'
evaluating file '«github:NixOS/nixpkgs/23d72dabcb3b12469f57b37170fcbc1789bd7457?narHash=sha256-z5NJPSBwsLf/OfD8WTmh79tlSU8XgIbwmk6qB1/TFzY%3D»/pkgs/by-name/aw/aws-c-io/package.nix'
evaluating file '«github:NixOS/nixpkgs/23d72dabcb3b12469f57b37170fcbc1789bd7457?narHash=sha256-z5NJPSBwsLf/OfD8WTmh79tlSU8XgIbwmk6qB1/TFzY%3D»/pkgs/by-name/s2/s2n-tls/package.nix'
evaluating file '«github:NixOS/nixpkgs/23d72dabcb3b12469f57b37170fcbc1789bd7457?narHash=sha256-z5NJPSBwsLf/OfD8WTmh79tlSU8XgIbwmk6qB1/TFzY%3D»/pkgs/by-name/aw/aws-c-sdkutils/package.nix'
evaluating file '«github:NixOS/nixpkgs/23d72dabcb3b12469f57b37170fcbc1789bd7457?narHash=sha256-z5NJPSBwsLf/OfD8WTmh79tlSU8XgIbwmk6qB1/TFzY%3D»/pkgs/by-name/aw/aws-c-event-stream/package.nix'
evaluating file '«github:NixOS/nixpkgs/23d72dabcb3b12469f57b37170fcbc1789bd7457?narHash=sha256-z5NJPSBwsLf/OfD8WTmh79tlSU8XgIbwmk6qB1/TFzY%3D»/pkgs/by-name/aw/aws-checksums/package.nix'
evaluating file '«github:NixOS/nixpkgs/23d72dabcb3b12469f57b37170fcbc1789bd7457?narHash=sha256-z5NJPSBwsLf/OfD8WTmh79tlSU8XgIbwmk6qB1/TFzY%3D»/pkgs/by-name/aw/aws-c-mqtt/package.nix'
evaluating file '«github:NixOS/nixpkgs/23d72dabcb3b12469f57b37170fcbc1789bd7457?narHash=sha256-z5NJPSBwsLf/OfD8WTmh79tlSU8XgIbwmk6qB1/TFzY%3D»/pkgs/by-name/aw/aws-c-s3/package.nix'
evaluating file '«github:NixOS/nixpkgs/23d72dabcb3b12469f57b37170fcbc1789bd7457?narHash=sha256-z5NJPSBwsLf/OfD8WTmh79tlSU8XgIbwmk6qB1/TFzY%3D»/pkgs/os-specific/linux/busybox/sandbox-shell.nix'
evaluating file '«github:NixOS/nixpkgs/23d72dabcb3b12469f57b37170fcbc1789bd7457?narHash=sha256-z5NJPSBwsLf/OfD8WTmh79tlSU8XgIbwmk6qB1/TFzY%3D»/pkgs/by-name/mu/musl/package.nix'
evaluating file '«github:NixOS/nixpkgs/23d72dabcb3b12469f57b37170fcbc1789bd7457?narHash=sha256-z5NJPSBwsLf/OfD8WTmh79tlSU8XgIbwmk6qB1/TFzY%3D»/pkgs/tools/package-management/nix/modular/src/libstore-c/package.nix'
evaluating file '«github:NixOS/nixpkgs/23d72dabcb3b12469f57b37170fcbc1789bd7457?narHash=sha256-z5NJPSBwsLf/OfD8WTmh79tlSU8XgIbwmk6qB1/TFzY%3D»/pkgs/tools/package-management/nix/modular/src/libstore-test-support/package.nix'
evaluating file '«github:NixOS/nixpkgs/23d72dabcb3b12469f57b37170fcbc1789bd7457?narHash=sha256-z5NJPSBwsLf/OfD8WTmh79tlSU8XgIbwmk6qB1/TFzY%3D»/pkgs/tools/package-management/nix/modular/src/libexpr-tests/package.nix'
evaluating file '«github:NixOS/nixpkgs/23d72dabcb3b12469f57b37170fcbc1789bd7457?narHash=sha256-z5NJPSBwsLf/OfD8WTmh79tlSU8XgIbwmk6qB1/TFzY%3D»/pkgs/tools/package-management/nix/modular/src/libexpr/package.nix'
evaluating file '«github:NixOS/nixpkgs/23d72dabcb3b12469f57b37170fcbc1789bd7457?narHash=sha256-z5NJPSBwsLf/OfD8WTmh79tlSU8XgIbwmk6qB1/TFzY%3D»/pkgs/by-name/to/toml11/package.nix'
evaluating file '«github:NixOS/nixpkgs/23d72dabcb3b12469f57b37170fcbc1789bd7457?narHash=sha256-z5NJPSBwsLf/OfD8WTmh79tlSU8XgIbwmk6qB1/TFzY%3D»/pkgs/by-name/do/doctest/package.nix'
evaluating file '«github:NixOS/nixpkgs/23d72dabcb3b12469f57b37170fcbc1789bd7457?narHash=sha256-z5NJPSBwsLf/OfD8WTmh79tlSU8XgIbwmk6qB1/TFzY%3D»/pkgs/tools/package-management/nix/modular/src/libfetchers/package.nix'
evaluating file '«github:NixOS/nixpkgs/23d72dabcb3b12469f57b37170fcbc1789bd7457?narHash=sha256-z5NJPSBwsLf/OfD8WTmh79tlSU8XgIbwmk6qB1/TFzY%3D»/pkgs/by-name/li/libgit2/package.nix'
evaluating file '«github:NixOS/nixpkgs/23d72dabcb3b12469f57b37170fcbc1789bd7457?narHash=sha256-z5NJPSBwsLf/OfD8WTmh79tlSU8XgIbwmk6qB1/TFzY%3D»/pkgs/by-name/ll/llhttp/package.nix'
evaluating file '«github:NixOS/nixpkgs/23d72dabcb3b12469f57b37170fcbc1789bd7457?narHash=sha256-z5NJPSBwsLf/OfD8WTmh79tlSU8XgIbwmk6qB1/TFzY%3D»/pkgs/tools/package-management/nix/modular/src/libexpr-c/package.nix'
evaluating file '«github:NixOS/nixpkgs/23d72dabcb3b12469f57b37170fcbc1789bd7457?narHash=sha256-z5NJPSBwsLf/OfD8WTmh79tlSU8XgIbwmk6qB1/TFzY%3D»/pkgs/tools/package-management/nix/modular/src/libexpr-test-support/package.nix'
evaluating file '«github:NixOS/nixpkgs/23d72dabcb3b12469f57b37170fcbc1789bd7457?narHash=sha256-z5NJPSBwsLf/OfD8WTmh79tlSU8XgIbwmk6qB1/TFzY%3D»/pkgs/tools/package-management/nix/modular/src/libfetchers-tests/package.nix'
evaluating file '«github:NixOS/nixpkgs/23d72dabcb3b12469f57b37170fcbc1789bd7457?narHash=sha256-z5NJPSBwsLf/OfD8WTmh79tlSU8XgIbwmk6qB1/TFzY%3D»/pkgs/tools/package-management/nix/modular/src/libfetchers-c/package.nix'
evaluating file '«github:NixOS/nixpkgs/23d72dabcb3b12469f57b37170fcbc1789bd7457?narHash=sha256-z5NJPSBwsLf/OfD8WTmh79tlSU8XgIbwmk6qB1/TFzY%3D»/pkgs/tools/package-management/nix/modular/src/libflake-tests/package.nix'
evaluating file '«github:NixOS/nixpkgs/23d72dabcb3b12469f57b37170fcbc1789bd7457?narHash=sha256-z5NJPSBwsLf/OfD8WTmh79tlSU8XgIbwmk6qB1/TFzY%3D»/pkgs/tools/package-management/nix/modular/src/libflake/package.nix'
evaluating file '«github:NixOS/nixpkgs/23d72dabcb3b12469f57b37170fcbc1789bd7457?narHash=sha256-z5NJPSBwsLf/OfD8WTmh79tlSU8XgIbwmk6qB1/TFzY%3D»/pkgs/tools/package-management/nix/modular/src/libflake-c/package.nix'
evaluating file '«github:NixOS/nixpkgs/23d72dabcb3b12469f57b37170fcbc1789bd7457?narHash=sha256-z5NJPSBwsLf/OfD8WTmh79tlSU8XgIbwmk6qB1/TFzY%3D»/pkgs/tools/package-management/nix/modular/tests/functional/package.nix'
evaluating file '«github:NixOS/nixpkgs/23d72dabcb3b12469f57b37170fcbc1789bd7457?narHash=sha256-z5NJPSBwsLf/OfD8WTmh79tlSU8XgIbwmk6qB1/TFzY%3D»/pkgs/by-name/do/docbook2x/package.nix'
evaluating file '«github:NixOS/nixpkgs/23d72dabcb3b12469f57b37170fcbc1789bd7457?narHash=sha256-z5NJPSBwsLf/OfD8WTmh79tlSU8XgIbwmk6qB1/TFzY%3D»/pkgs/by-name/me/mercurial/package.nix'
evaluating file '«github:NixOS/nixpkgs/23d72dabcb3b12469f57b37170fcbc1789bd7457?narHash=sha256-z5NJPSBwsLf/OfD8WTmh79tlSU8XgIbwmk6qB1/TFzY%3D»/pkgs/development/python-modules/google-re2/default.nix'
evaluating file '«github:NixOS/nixpkgs/23d72dabcb3b12469f57b37170fcbc1789bd7457?narHash=sha256-z5NJPSBwsLf/OfD8WTmh79tlSU8XgIbwmk6qB1/TFzY%3D»/pkgs/by-name/re/re2/package.nix'
evaluating file '«github:NixOS/nixpkgs/23d72dabcb3b12469f57b37170fcbc1789bd7457?narHash=sha256-z5NJPSBwsLf/OfD8WTmh79tlSU8XgIbwmk6qB1/TFzY%3D»/pkgs/by-name/gb/gbenchmark/package.nix'
evaluating file '«github:NixOS/nixpkgs/23d72dabcb3b12469f57b37170fcbc1789bd7457?narHash=sha256-z5NJPSBwsLf/OfD8WTmh79tlSU8XgIbwmk6qB1/TFzY%3D»/pkgs/by-name/ab/abseil-cpp/package.nix'
evaluating file '«github:NixOS/nixpkgs/23d72dabcb3b12469f57b37170fcbc1789bd7457?narHash=sha256-z5NJPSBwsLf/OfD8WTmh79tlSU8XgIbwmk6qB1/TFzY%3D»/pkgs/development/python-modules/pybind11/default.nix'
evaluating file '«github:NixOS/nixpkgs/23d72dabcb3b12469f57b37170fcbc1789bd7457?narHash=sha256-z5NJPSBwsLf/OfD8WTmh79tlSU8XgIbwmk6qB1/TFzY%3D»/pkgs/by-name/ca/catch2/package.nix'
evaluating file '«github:NixOS/nixpkgs/23d72dabcb3b12469f57b37170fcbc1789bd7457?narHash=sha256-z5NJPSBwsLf/OfD8WTmh79tlSU8XgIbwmk6qB1/TFzY%3D»/pkgs/by-name/ei/eigen/package.nix'
evaluating file '«github:NixOS/nixpkgs/23d72dabcb3b12469f57b37170fcbc1789bd7457?narHash=sha256-z5NJPSBwsLf/OfD8WTmh79tlSU8XgIbwmk6qB1/TFzY%3D»/pkgs/development/python-modules/cmake/default.nix'
evaluating file '«github:NixOS/nixpkgs/23d72dabcb3b12469f57b37170fcbc1789bd7457?narHash=sha256-z5NJPSBwsLf/OfD8WTmh79tlSU8XgIbwmk6qB1/TFzY%3D»/pkgs/development/python-modules/ninja/default.nix'
evaluating file '«github:NixOS/nixpkgs/23d72dabcb3b12469f57b37170fcbc1789bd7457?narHash=sha256-z5NJPSBwsLf/OfD8WTmh79tlSU8XgIbwmk6qB1/TFzY%3D»/pkgs/development/python-modules/scikit-build-core/default.nix'
evaluating file '«github:NixOS/nixpkgs/23d72dabcb3b12469f57b37170fcbc1789bd7457?narHash=sha256-z5NJPSBwsLf/OfD8WTmh79tlSU8XgIbwmk6qB1/TFzY%3D»/pkgs/development/python-modules/numpy/2.nix'
evaluating file '«github:NixOS/nixpkgs/23d72dabcb3b12469f57b37170fcbc1789bd7457?narHash=sha256-z5NJPSBwsLf/OfD8WTmh79tlSU8XgIbwmk6qB1/TFzY%3D»/pkgs/by-name/bl/blas/package.nix'
evaluating file '«github:NixOS/nixpkgs/23d72dabcb3b12469f57b37170fcbc1789bd7457?narHash=sha256-z5NJPSBwsLf/OfD8WTmh79tlSU8XgIbwmk6qB1/TFzY%3D»/pkgs/development/libraries/science/math/openblas/default.nix'
evaluating file '«github:NixOS/nixpkgs/23d72dabcb3b12469f57b37170fcbc1789bd7457?narHash=sha256-z5NJPSBwsLf/OfD8WTmh79tlSU8XgIbwmk6qB1/TFzY%3D»/pkgs/by-name/la/lapack/package.nix'
evaluating file '«github:NixOS/nixpkgs/23d72dabcb3b12469f57b37170fcbc1789bd7457?narHash=sha256-z5NJPSBwsLf/OfD8WTmh79tlSU8XgIbwmk6qB1/TFzY%3D»/pkgs/by-name/gf/gfortran/package.nix'
evaluating file '«github:NixOS/nixpkgs/23d72dabcb3b12469f57b37170fcbc1789bd7457?narHash=sha256-z5NJPSBwsLf/OfD8WTmh79tlSU8XgIbwmk6qB1/TFzY%3D»/pkgs/by-name/la/lapack-reference/package.nix'
evaluating file '«github:NixOS/nixpkgs/23d72dabcb3b12469f57b37170fcbc1789bd7457?narHash=sha256-z5NJPSBwsLf/OfD8WTmh79tlSU8XgIbwmk6qB1/TFzY%3D»/pkgs/development/python-modules/meson-python/default.nix'
evaluating file '«github:NixOS/nixpkgs/23d72dabcb3b12469f57b37170fcbc1789bd7457?narHash=sha256-z5NJPSBwsLf/OfD8WTmh79tlSU8XgIbwmk6qB1/TFzY%3D»/pkgs/development/python-modules/pyproject-metadata/default.nix'
evaluating file '«github:NixOS/nixpkgs/23d72dabcb3b12469f57b37170fcbc1789bd7457?narHash=sha256-z5NJPSBwsLf/OfD8WTmh79tlSU8XgIbwmk6qB1/TFzY%3D»/pkgs/tools/package-management/nix/modular/src/libmain/package.nix'
evaluating file '«github:NixOS/nixpkgs/23d72dabcb3b12469f57b37170fcbc1789bd7457?narHash=sha256-z5NJPSBwsLf/OfD8WTmh79tlSU8XgIbwmk6qB1/TFzY%3D»/pkgs/tools/package-management/nix/modular/src/libcmd/package.nix'
evaluating file '«github:NixOS/nixpkgs/23d72dabcb3b12469f57b37170fcbc1789bd7457?narHash=sha256-z5NJPSBwsLf/OfD8WTmh79tlSU8XgIbwmk6qB1/TFzY%3D»/pkgs/by-name/ed/editline/package.nix'
evaluating file '«github:NixOS/nixpkgs/23d72dabcb3b12469f57b37170fcbc1789bd7457?narHash=sha256-z5NJPSBwsLf/OfD8WTmh79tlSU8XgIbwmk6qB1/TFzY%3D»/pkgs/by-name/lo/lowdown/package.nix'
evaluating file '«github:NixOS/nixpkgs/23d72dabcb3b12469f57b37170fcbc1789bd7457?narHash=sha256-z5NJPSBwsLf/OfD8WTmh79tlSU8XgIbwmk6qB1/TFzY%3D»/pkgs/by-name/bm/bmake/package.nix'
evaluating file '«github:NixOS/nixpkgs/23d72dabcb3b12469f57b37170fcbc1789bd7457?narHash=sha256-z5NJPSBwsLf/OfD8WTmh79tlSU8XgIbwmk6qB1/TFzY%3D»/pkgs/tools/package-management/nix/modular/src/perl/package.nix'
evaluating file '«github:NixOS/nixpkgs/23d72dabcb3b12469f57b37170fcbc1789bd7457?narHash=sha256-z5NJPSBwsLf/OfD8WTmh79tlSU8XgIbwmk6qB1/TFzY%3D»/pkgs/tools/package-management/nix/modular/src/libmain-c/package.nix'
evaluating file '«github:NixOS/nixpkgs/23d72dabcb3b12469f57b37170fcbc1789bd7457?narHash=sha256-z5NJPSBwsLf/OfD8WTmh79tlSU8XgIbwmk6qB1/TFzY%3D»/pkgs/tools/package-management/nix/modular/doc/manual/package.nix'
evaluating file '«github:NixOS/nixpkgs/23d72dabcb3b12469f57b37170fcbc1789bd7457?narHash=sha256-z5NJPSBwsLf/OfD8WTmh79tlSU8XgIbwmk6qB1/TFzY%3D»/pkgs/by-name/md/mdbook/package.nix'
evaluating file '«github:NixOS/nixpkgs/23d72dabcb3b12469f57b37170fcbc1789bd7457?narHash=sha256-z5NJPSBwsLf/OfD8WTmh79tlSU8XgIbwmk6qB1/TFzY%3D»/pkgs/by-name/md/mdbook-linkcheck/package.nix'
evaluating file '«github:NixOS/nixpkgs/23d72dabcb3b12469f57b37170fcbc1789bd7457?narHash=sha256-z5NJPSBwsLf/OfD8WTmh79tlSU8XgIbwmk6qB1/TFzY%3D»/pkgs/by-name/ns/nsncd/package.nix'
evaluating file '«github:NixOS/nixpkgs/23d72dabcb3b12469f57b37170fcbc1789bd7457?narHash=sha256-z5NJPSBwsLf/OfD8WTmh79tlSU8XgIbwmk6qB1/TFzY%3D»/pkgs/stdenv/cross/default.nix'
evaluating file '«github:NixOS/nixpkgs/23d72dabcb3b12469f57b37170fcbc1789bd7457?narHash=sha256-z5NJPSBwsLf/OfD8WTmh79tlSU8XgIbwmk6qB1/TFzY%3D»/nixos/modules/security/wrappers/wrapper.nix'
evaluating file '«github:NixOS/nixpkgs/23d72dabcb3b12469f57b37170fcbc1789bd7457?narHash=sha256-z5NJPSBwsLf/OfD8WTmh79tlSU8XgIbwmk6qB1/TFzY%3D»/pkgs/by-name/fo/fortify-headers/package.nix'
evaluating file '«github:NixOS/nixpkgs/23d72dabcb3b12469f57b37170fcbc1789bd7457?narHash=sha256-z5NJPSBwsLf/OfD8WTmh79tlSU8XgIbwmk6qB1/TFzY%3D»/pkgs/build-support/src-only/default.nix'
evaluating file '«github:NixOS/nixpkgs/23d72dabcb3b12469f57b37170fcbc1789bd7457?narHash=sha256-z5NJPSBwsLf/OfD8WTmh79tlSU8XgIbwmk6qB1/TFzY%3D»/pkgs/by-name/po/polkit/package.nix'
evaluating file '«github:NixOS/nixpkgs/23d72dabcb3b12469f57b37170fcbc1789bd7457?narHash=sha256-z5NJPSBwsLf/OfD8WTmh79tlSU8XgIbwmk6qB1/TFzY%3D»/pkgs/by-name/du/duktape/package.nix'
evaluating file '«github:NixOS/nixpkgs/23d72dabcb3b12469f57b37170fcbc1789bd7457?narHash=sha256-z5NJPSBwsLf/OfD8WTmh79tlSU8XgIbwmk6qB1/TFzY%3D»/pkgs/development/python-modules/dbus-python/default.nix'
evaluating file '«github:NixOS/nixpkgs/23d72dabcb3b12469f57b37170fcbc1789bd7457?narHash=sha256-z5NJPSBwsLf/OfD8WTmh79tlSU8XgIbwmk6qB1/TFzY%3D»/pkgs/development/python-modules/python-dbusmock/default.nix'
evaluating file '«github:NixOS/nixpkgs/23d72dabcb3b12469f57b37170fcbc1789bd7457?narHash=sha256-z5NJPSBwsLf/OfD8WTmh79tlSU8XgIbwmk6qB1/TFzY%3D»/pkgs/by-name/db/dbus-glib/package.nix'
evaluating file '«github:NixOS/nixpkgs/23d72dabcb3b12469f57b37170fcbc1789bd7457?narHash=sha256-z5NJPSBwsLf/OfD8WTmh79tlSU8XgIbwmk6qB1/TFzY%3D»/lib/strings-with-deps.nix'
evaluating file '«github:NixOS/nixpkgs/23d72dabcb3b12469f57b37170fcbc1789bd7457?narHash=sha256-z5NJPSBwsLf/OfD8WTmh79tlSU8XgIbwmk6qB1/TFzY%3D»/pkgs/development/interpreters/perl/wrapper.nix'
evaluating file '«github:NixOS/nixpkgs/23d72dabcb3b12469f57b37170fcbc1789bd7457?narHash=sha256-z5NJPSBwsLf/OfD8WTmh79tlSU8XgIbwmk6qB1/TFzY%3D»/pkgs/by-name/ba/bash-completion/package.nix'
evaluating file '«github:NixOS/nixpkgs/23d72dabcb3b12469f57b37170fcbc1789bd7457?narHash=sha256-z5NJPSBwsLf/OfD8WTmh79tlSU8XgIbwmk6qB1/TFzY%3D»/pkgs/development/libraries/dbus/make-dbus-conf.nix'
evaluating file '«github:NixOS/nixpkgs/23d72dabcb3b12469f57b37170fcbc1789bd7457?narHash=sha256-z5NJPSBwsLf/OfD8WTmh79tlSU8XgIbwmk6qB1/TFzY%3D»/pkgs/by-name/ne/networkmanager/package.nix'
evaluating file '«github:NixOS/nixpkgs/23d72dabcb3b12469f57b37170fcbc1789bd7457?narHash=sha256-z5NJPSBwsLf/OfD8WTmh79tlSU8XgIbwmk6qB1/TFzY%3D»/pkgs/os-specific/linux/wpa_supplicant/default.nix'
evaluating file '«github:NixOS/nixpkgs/23d72dabcb3b12469f57b37170fcbc1789bd7457?narHash=sha256-z5NJPSBwsLf/OfD8WTmh79tlSU8XgIbwmk6qB1/TFzY%3D»/pkgs/by-name/mo/modemmanager/package.nix'
evaluating file '«github:NixOS/nixpkgs/23d72dabcb3b12469f57b37170fcbc1789bd7457?narHash=sha256-z5NJPSBwsLf/OfD8WTmh79tlSU8XgIbwmk6qB1/TFzY%3D»/pkgs/by-name/bi/bind/package.nix'
evaluating file '«github:NixOS/nixpkgs/23d72dabcb3b12469f57b37170fcbc1789bd7457?narHash=sha256-z5NJPSBwsLf/OfD8WTmh79tlSU8XgIbwmk6qB1/TFzY%3D»/pkgs/os-specific/linux/iputils/default.nix'
evaluating file '«github:NixOS/nixpkgs/23d72dabcb3b12469f57b37170fcbc1789bd7457?narHash=sha256-z5NJPSBwsLf/OfD8WTmh79tlSU8XgIbwmk6qB1/TFzY%3D»/pkgs/by-name/le/less/package.nix'
evaluating file '«github:NixOS/nixpkgs/23d72dabcb3b12469f57b37170fcbc1789bd7457?narHash=sha256-z5NJPSBwsLf/OfD8WTmh79tlSU8XgIbwmk6qB1/TFzY%3D»/pkgs/by-name/li/libressl/package.nix'
evaluating file '«github:NixOS/nixpkgs/23d72dabcb3b12469f57b37170fcbc1789bd7457?narHash=sha256-z5NJPSBwsLf/OfD8WTmh79tlSU8XgIbwmk6qB1/TFzY%3D»/pkgs/by-name/li/libressl/default.nix'
evaluating file '«github:NixOS/nixpkgs/23d72dabcb3b12469f57b37170fcbc1789bd7457?narHash=sha256-z5NJPSBwsLf/OfD8WTmh79tlSU8XgIbwmk6qB1/TFzY%3D»/pkgs/tools/security/mkpasswd/default.nix'
evaluating file '«github:NixOS/nixpkgs/23d72dabcb3b12469f57b37170fcbc1789bd7457?narHash=sha256-z5NJPSBwsLf/OfD8WTmh79tlSU8XgIbwmk6qB1/TFzY%3D»/pkgs/by-name/ti/time/package.nix'
evaluating file '«github:NixOS/nixpkgs/23d72dabcb3b12469f57b37170fcbc1789bd7457?narHash=sha256-z5NJPSBwsLf/OfD8WTmh79tlSU8XgIbwmk6qB1/TFzY%3D»/pkgs/top-level/qt5-packages.nix'
evaluating file '«github:NixOS/nixpkgs/23d72dabcb3b12469f57b37170fcbc1789bd7457?narHash=sha256-z5NJPSBwsLf/OfD8WTmh79tlSU8XgIbwmk6qB1/TFzY%3D»/pkgs/development/libraries/qt-5/5.15/default.nix'
evaluating file '«github:NixOS/nixpkgs/23d72dabcb3b12469f57b37170fcbc1789bd7457?narHash=sha256-z5NJPSBwsLf/OfD8WTmh79tlSU8XgIbwmk6qB1/TFzY%3D»/pkgs/development/libraries/kde-frameworks/default.nix'
evaluating file '«github:NixOS/nixpkgs/23d72dabcb3b12469f57b37170fcbc1789bd7457?narHash=sha256-z5NJPSBwsLf/OfD8WTmh79tlSU8XgIbwmk6qB1/TFzY%3D»/pkgs/tools/system/testdisk/default.nix'
evaluating file '«github:NixOS/nixpkgs/23d72dabcb3b12469f57b37170fcbc1789bd7457?narHash=sha256-z5NJPSBwsLf/OfD8WTmh79tlSU8XgIbwmk6qB1/TFzY%3D»/pkgs/by-name/nt/ntfs3g/package.nix'
evaluating file '«github:NixOS/nixpkgs/23d72dabcb3b12469f57b37170fcbc1789bd7457?narHash=sha256-z5NJPSBwsLf/OfD8WTmh79tlSU8XgIbwmk6qB1/TFzY%3D»/pkgs/by-name/ms/ms-sys/package.nix'
evaluating file '«github:NixOS/nixpkgs/23d72dabcb3b12469f57b37170fcbc1789bd7457?narHash=sha256-z5NJPSBwsLf/OfD8WTmh79tlSU8XgIbwmk6qB1/TFzY%3D»/pkgs/by-name/ef/efibootmgr/package.nix'
evaluating file '«github:NixOS/nixpkgs/23d72dabcb3b12469f57b37170fcbc1789bd7457?narHash=sha256-z5NJPSBwsLf/OfD8WTmh79tlSU8XgIbwmk6qB1/TFzY%3D»/pkgs/by-name/ef/efivar/package.nix'
evaluating file '«github:NixOS/nixpkgs/23d72dabcb3b12469f57b37170fcbc1789bd7457?narHash=sha256-z5NJPSBwsLf/OfD8WTmh79tlSU8XgIbwmk6qB1/TFzY%3D»/pkgs/by-name/pa/parted/package.nix'
evaluating file '«github:NixOS/nixpkgs/23d72dabcb3b12469f57b37170fcbc1789bd7457?narHash=sha256-z5NJPSBwsLf/OfD8WTmh79tlSU8XgIbwmk6qB1/TFzY%3D»/pkgs/by-name/gp/gptfdisk/package.nix'
evaluating file '«github:NixOS/nixpkgs/23d72dabcb3b12469f57b37170fcbc1789bd7457?narHash=sha256-z5NJPSBwsLf/OfD8WTmh79tlSU8XgIbwmk6qB1/TFzY%3D»/pkgs/by-name/dd/ddrescue/package.nix'
evaluating file '«github:NixOS/nixpkgs/23d72dabcb3b12469f57b37170fcbc1789bd7457?narHash=sha256-z5NJPSBwsLf/OfD8WTmh79tlSU8XgIbwmk6qB1/TFzY%3D»/pkgs/by-name/cc/ccrypt/package.nix'
evaluating file '«github:NixOS/nixpkgs/23d72dabcb3b12469f57b37170fcbc1789bd7457?narHash=sha256-z5NJPSBwsLf/OfD8WTmh79tlSU8XgIbwmk6qB1/TFzY%3D»/pkgs/applications/editors/vim/plugins/utils/vim-utils.nix'
evaluating file '«github:NixOS/nixpkgs/23d72dabcb3b12469f57b37170fcbc1789bd7457?narHash=sha256-z5NJPSBwsLf/OfD8WTmh79tlSU8XgIbwmk6qB1/TFzY%3D»/pkgs/applications/editors/vim/default.nix'
evaluating file '«github:NixOS/nixpkgs/23d72dabcb3b12469f57b37170fcbc1789bd7457?narHash=sha256-z5NJPSBwsLf/OfD8WTmh79tlSU8XgIbwmk6qB1/TFzY%3D»/pkgs/applications/editors/vim/common.nix'
evaluating file '«github:NixOS/nixpkgs/23d72dabcb3b12469f57b37170fcbc1789bd7457?narHash=sha256-z5NJPSBwsLf/OfD8WTmh79tlSU8XgIbwmk6qB1/TFzY%3D»/pkgs/by-name/ss/sshfs-fuse/package.nix'
evaluating file '«github:NixOS/nixpkgs/23d72dabcb3b12469f57b37170fcbc1789bd7457?narHash=sha256-z5NJPSBwsLf/OfD8WTmh79tlSU8XgIbwmk6qB1/TFzY%3D»/pkgs/by-name/ss/sshfs-fuse/common.nix'
evaluating file '«github:NixOS/nixpkgs/23d72dabcb3b12469f57b37170fcbc1789bd7457?narHash=sha256-z5NJPSBwsLf/OfD8WTmh79tlSU8XgIbwmk6qB1/TFzY%3D»/pkgs/by-name/sc/screen/package.nix'
evaluating file '«github:NixOS/nixpkgs/23d72dabcb3b12469f57b37170fcbc1789bd7457?narHash=sha256-z5NJPSBwsLf/OfD8WTmh79tlSU8XgIbwmk6qB1/TFzY%3D»/pkgs/by-name/tc/tcpdump/package.nix'
evaluating file '«github:NixOS/nixpkgs/23d72dabcb3b12469f57b37170fcbc1789bd7457?narHash=sha256-z5NJPSBwsLf/OfD8WTmh79tlSU8XgIbwmk6qB1/TFzY%3D»/pkgs/by-name/sd/sdparm/package.nix'
evaluating file '«github:NixOS/nixpkgs/23d72dabcb3b12469f57b37170fcbc1789bd7457?narHash=sha256-z5NJPSBwsLf/OfD8WTmh79tlSU8XgIbwmk6qB1/TFzY%3D»/pkgs/by-name/hd/hdparm/package.nix'
evaluating file '«github:NixOS/nixpkgs/23d72dabcb3b12469f57b37170fcbc1789bd7457?narHash=sha256-z5NJPSBwsLf/OfD8WTmh79tlSU8XgIbwmk6qB1/TFzY%3D»/pkgs/by-name/us/usbutils/package.nix'
evaluating file '«github:NixOS/nixpkgs/23d72dabcb3b12469f57b37170fcbc1789bd7457?narHash=sha256-z5NJPSBwsLf/OfD8WTmh79tlSU8XgIbwmk6qB1/TFzY%3D»/pkgs/by-name/nv/nvme-cli/package.nix'
evaluating file '«github:NixOS/nixpkgs/23d72dabcb3b12469f57b37170fcbc1789bd7457?narHash=sha256-z5NJPSBwsLf/OfD8WTmh79tlSU8XgIbwmk6qB1/TFzY%3D»/pkgs/by-name/zi/zip/package.nix'
evaluating file '«github:NixOS/nixpkgs/23d72dabcb3b12469f57b37170fcbc1789bd7457?narHash=sha256-z5NJPSBwsLf/OfD8WTmh79tlSU8XgIbwmk6qB1/TFzY%3D»/pkgs/tools/misc/grub/default.nix'
evaluating file '«github:NixOS/nixpkgs/23d72dabcb3b12469f57b37170fcbc1789bd7457?narHash=sha256-z5NJPSBwsLf/OfD8WTmh79tlSU8XgIbwmk6qB1/TFzY%3D»/pkgs/by-name/ni/nixos-rebuild-ng/package.nix'
evaluating file '«github:NixOS/nixpkgs/23d72dabcb3b12469f57b37170fcbc1789bd7457?narHash=sha256-z5NJPSBwsLf/OfD8WTmh79tlSU8XgIbwmk6qB1/TFzY%3D»/pkgs/by-name/ni/nixos-option/package.nix'
evaluating file '«github:NixOS/nixpkgs/23d72dabcb3b12469f57b37170fcbc1789bd7457?narHash=sha256-z5NJPSBwsLf/OfD8WTmh79tlSU8XgIbwmk6qB1/TFzY%3D»/pkgs/by-name/ni/nixos-install/package.nix'
evaluating file '«github:NixOS/nixpkgs/23d72dabcb3b12469f57b37170fcbc1789bd7457?narHash=sha256-z5NJPSBwsLf/OfD8WTmh79tlSU8XgIbwmk6qB1/TFzY%3D»/pkgs/by-name/ni/nixos-enter/package.nix'
evaluating file '«github:NixOS/nixpkgs/23d72dabcb3b12469f57b37170fcbc1789bd7457?narHash=sha256-z5NJPSBwsLf/OfD8WTmh79tlSU8XgIbwmk6qB1/TFzY%3D»/pkgs/by-name/ni/nixos-build-vms/package.nix'
evaluating file '«github:NixOS/nixpkgs/23d72dabcb3b12469f57b37170fcbc1789bd7457?narHash=sha256-z5NJPSBwsLf/OfD8WTmh79tlSU8XgIbwmk6qB1/TFzY%3D»/pkgs/by-name/xf/xfsprogs/package.nix'
evaluating file '«github:NixOS/nixpkgs/23d72dabcb3b12469f57b37170fcbc1789bd7457?narHash=sha256-z5NJPSBwsLf/OfD8WTmh79tlSU8XgIbwmk6qB1/TFzY%3D»/pkgs/by-name/f2/f2fs-tools/package.nix'
evaluating file '«github:NixOS/nixpkgs/23d72dabcb3b12469f57b37170fcbc1789bd7457?narHash=sha256-z5NJPSBwsLf/OfD8WTmh79tlSU8XgIbwmk6qB1/TFzY%3D»/pkgs/by-name/ci/cifs-utils/package.nix'
evaluating file '«github:NixOS/nixpkgs/23d72dabcb3b12469f57b37170fcbc1789bd7457?narHash=sha256-z5NJPSBwsLf/OfD8WTmh79tlSU8XgIbwmk6qB1/TFzY%3D»/pkgs/by-name/bt/btrfs-progs/package.nix'
evaluating file '«github:NixOS/nixpkgs/23d72dabcb3b12469f57b37170fcbc1789bd7457?narHash=sha256-z5NJPSBwsLf/OfD8WTmh79tlSU8XgIbwmk6qB1/TFzY%3D»/pkgs/tools/nix/info/default.nix'
evaluating file '«github:NixOS/nixpkgs/23d72dabcb3b12469f57b37170fcbc1789bd7457?narHash=sha256-z5NJPSBwsLf/OfD8WTmh79tlSU8XgIbwmk6qB1/TFzY%3D»/pkgs/by-name/ni/nix-bash-completions/package.nix'
evaluating file '«github:NixOS/nixpkgs/23d72dabcb3b12469f57b37170fcbc1789bd7457?narHash=sha256-z5NJPSBwsLf/OfD8WTmh79tlSU8XgIbwmk6qB1/TFzY%3D»/pkgs/by-name/ni/nixos-firewall-tool/package.nix'
evaluating file '«github:NixOS/nixpkgs/23d72dabcb3b12469f57b37170fcbc1789bd7457?narHash=sha256-z5NJPSBwsLf/OfD8WTmh79tlSU8XgIbwmk6qB1/TFzY%3D»/pkgs/by-name/na/nano/package.nix'
evaluating file '«github:NixOS/nixpkgs/23d72dabcb3b12469f57b37170fcbc1789bd7457?narHash=sha256-z5NJPSBwsLf/OfD8WTmh79tlSU8XgIbwmk6qB1/TFzY%3D»/nixos/doc/manual/default.nix'
evaluating file '«github:NixOS/nixpkgs/23d72dabcb3b12469f57b37170fcbc1789bd7457?narHash=sha256-z5NJPSBwsLf/OfD8WTmh79tlSU8XgIbwmk6qB1/TFzY%3D»/pkgs/servers/gpm/default.nix'
evaluating file '«github:NixOS/nixpkgs/23d72dabcb3b12469f57b37170fcbc1789bd7457?narHash=sha256-z5NJPSBwsLf/OfD8WTmh79tlSU8XgIbwmk6qB1/TFzY%3D»/pkgs/by-name/li/libewf-legacy/package.nix'
evaluating file '«github:NixOS/nixpkgs/23d72dabcb3b12469f57b37170fcbc1789bd7457?narHash=sha256-z5NJPSBwsLf/OfD8WTmh79tlSU8XgIbwmk6qB1/TFzY%3D»/pkgs/by-name/ma/mandoc/package.nix'
evaluating file '«github:NixOS/nixpkgs/23d72dabcb3b12469f57b37170fcbc1789bd7457?narHash=sha256-z5NJPSBwsLf/OfD8WTmh79tlSU8XgIbwmk6qB1/TFzY%3D»/pkgs/by-name/ch/check/package.nix'
evaluating file '«github:NixOS/nixpkgs/23d72dabcb3b12469f57b37170fcbc1789bd7457?narHash=sha256-z5NJPSBwsLf/OfD8WTmh79tlSU8XgIbwmk6qB1/TFzY%3D»/pkgs/by-name/li/libusb1/package.nix'
evaluating file '«github:NixOS/nixpkgs/23d72dabcb3b12469f57b37170fcbc1789bd7457?narHash=sha256-z5NJPSBwsLf/OfD8WTmh79tlSU8XgIbwmk6qB1/TFzY%3D»/pkgs/by-name/li/libnvme/package.nix'
evaluating file '«github:NixOS/nixpkgs/23d72dabcb3b12469f57b37170fcbc1789bd7457?narHash=sha256-z5NJPSBwsLf/OfD8WTmh79tlSU8XgIbwmk6qB1/TFzY%3D»/pkgs/development/python-modules/nose2/default.nix'
evaluating file '«github:NixOS/nixpkgs/23d72dabcb3b12469f57b37170fcbc1789bd7457?narHash=sha256-z5NJPSBwsLf/OfD8WTmh79tlSU8XgIbwmk6qB1/TFzY%3D»/pkgs/development/libraries/libusb-compat/0.1.nix'
evaluating file '«github:NixOS/nixpkgs/23d72dabcb3b12469f57b37170fcbc1789bd7457?narHash=sha256-z5NJPSBwsLf/OfD8WTmh79tlSU8XgIbwmk6qB1/TFzY%3D»/pkgs/by-name/un/unifont/package.nix'
evaluating file '«github:NixOS/nixpkgs/23d72dabcb3b12469f57b37170fcbc1789bd7457?narHash=sha256-z5NJPSBwsLf/OfD8WTmh79tlSU8XgIbwmk6qB1/TFzY%3D»/pkgs/by-name/li/libfaketime/package.nix'
evaluating file '«github:NixOS/nixpkgs/23d72dabcb3b12469f57b37170fcbc1789bd7457?narHash=sha256-z5NJPSBwsLf/OfD8WTmh79tlSU8XgIbwmk6qB1/TFzY%3D»/pkgs/development/python-modules/shtab/default.nix'
evaluating file '«github:NixOS/nixpkgs/23d72dabcb3b12469f57b37170fcbc1789bd7457?narHash=sha256-z5NJPSBwsLf/OfD8WTmh79tlSU8XgIbwmk6qB1/TFzY%3D»/pkgs/development/python-modules/pytest-cov-stub/default.nix'
evaluating file '«github:NixOS/nixpkgs/23d72dabcb3b12469f57b37170fcbc1789bd7457?narHash=sha256-z5NJPSBwsLf/OfD8WTmh79tlSU8XgIbwmk6qB1/TFzY%3D»/pkgs/by-name/sc/scdoc/package.nix'
evaluating file '«github:NixOS/nixpkgs/23d72dabcb3b12469f57b37170fcbc1789bd7457?narHash=sha256-z5NJPSBwsLf/OfD8WTmh79tlSU8XgIbwmk6qB1/TFzY%3D»/pkgs/by-name/in/inih/package.nix'
evaluating file '«github:NixOS/nixpkgs/23d72dabcb3b12469f57b37170fcbc1789bd7457?narHash=sha256-z5NJPSBwsLf/OfD8WTmh79tlSU8XgIbwmk6qB1/TFzY%3D»/pkgs/by-name/li/liburcu/package.nix'
evaluating file '«github:NixOS/nixpkgs/23d72dabcb3b12469f57b37170fcbc1789bd7457?narHash=sha256-z5NJPSBwsLf/OfD8WTmh79tlSU8XgIbwmk6qB1/TFzY%3D»/pkgs/servers/samba/4.x.nix'
evaluating file '«github:NixOS/nixpkgs/23d72dabcb3b12469f57b37170fcbc1789bd7457?narHash=sha256-z5NJPSBwsLf/OfD8WTmh79tlSU8XgIbwmk6qB1/TFzY%3D»/pkgs/by-name/ja/jansson/package.nix'
evaluating file '«github:NixOS/nixpkgs/23d72dabcb3b12469f57b37170fcbc1789bd7457?narHash=sha256-z5NJPSBwsLf/OfD8WTmh79tlSU8XgIbwmk6qB1/TFzY%3D»/pkgs/by-name/lm/lmdb/package.nix'
evaluating file '«github:NixOS/nixpkgs/23d72dabcb3b12469f57b37170fcbc1789bd7457?narHash=sha256-z5NJPSBwsLf/OfD8WTmh79tlSU8XgIbwmk6qB1/TFzY%3D»/pkgs/by-name/td/tdb/package.nix'
evaluating file '«github:NixOS/nixpkgs/23d72dabcb3b12469f57b37170fcbc1789bd7457?narHash=sha256-z5NJPSBwsLf/OfD8WTmh79tlSU8XgIbwmk6qB1/TFzY%3D»/pkgs/by-name/wa/waf/package.nix'
evaluating file '«github:NixOS/nixpkgs/23d72dabcb3b12469f57b37170fcbc1789bd7457?narHash=sha256-z5NJPSBwsLf/OfD8WTmh79tlSU8XgIbwmk6qB1/TFzY%3D»/pkgs/by-name/wa/waf/hook.nix'
evaluating file '«github:NixOS/nixpkgs/23d72dabcb3b12469f57b37170fcbc1789bd7457?narHash=sha256-z5NJPSBwsLf/OfD8WTmh79tlSU8XgIbwmk6qB1/TFzY%3D»/pkgs/by-name/li/liburing/package.nix'
evaluating file '«github:NixOS/nixpkgs/23d72dabcb3b12469f57b37170fcbc1789bd7457?narHash=sha256-z5NJPSBwsLf/OfD8WTmh79tlSU8XgIbwmk6qB1/TFzY%3D»/pkgs/by-name/ld/ldb/package.nix'
evaluating file '«github:NixOS/nixpkgs/23d72dabcb3b12469f57b37170fcbc1789bd7457?narHash=sha256-z5NJPSBwsLf/OfD8WTmh79tlSU8XgIbwmk6qB1/TFzY%3D»/pkgs/by-name/ta/talloc/package.nix'
evaluating file '«github:NixOS/nixpkgs/23d72dabcb3b12469f57b37170fcbc1789bd7457?narHash=sha256-z5NJPSBwsLf/OfD8WTmh79tlSU8XgIbwmk6qB1/TFzY%3D»/pkgs/by-name/te/tevent/package.nix'
evaluating file '«github:NixOS/nixpkgs/23d72dabcb3b12469f57b37170fcbc1789bd7457?narHash=sha256-z5NJPSBwsLf/OfD8WTmh79tlSU8XgIbwmk6qB1/TFzY%3D»/pkgs/development/libraries/libunwind/default.nix'
evaluating file '«github:NixOS/nixpkgs/23d72dabcb3b12469f57b37170fcbc1789bd7457?narHash=sha256-z5NJPSBwsLf/OfD8WTmh79tlSU8XgIbwmk6qB1/TFzY%3D»/pkgs/development/python-modules/dnspython/default.nix'
evaluating file '«github:NixOS/nixpkgs/23d72dabcb3b12469f57b37170fcbc1789bd7457?narHash=sha256-z5NJPSBwsLf/OfD8WTmh79tlSU8XgIbwmk6qB1/TFzY%3D»/pkgs/by-name/pp/ppp/package.nix'
evaluating file '«github:NixOS/nixpkgs/23d72dabcb3b12469f57b37170fcbc1789bd7457?narHash=sha256-z5NJPSBwsLf/OfD8WTmh79tlSU8XgIbwmk6qB1/TFzY%3D»/pkgs/by-name/li/libndp/package.nix'
evaluating file '«github:NixOS/nixpkgs/23d72dabcb3b12469f57b37170fcbc1789bd7457?narHash=sha256-z5NJPSBwsLf/OfD8WTmh79tlSU8XgIbwmk6qB1/TFzY%3D»/pkgs/by-name/mo/mobile-broadband-provider-info/package.nix'
evaluating file '«github:NixOS/nixpkgs/23d72dabcb3b12469f57b37170fcbc1789bd7457?narHash=sha256-z5NJPSBwsLf/OfD8WTmh79tlSU8XgIbwmk6qB1/TFzY%3D»/pkgs/by-name/bl/bluez/package.nix'
evaluating file '«github:NixOS/nixpkgs/23d72dabcb3b12469f57b37170fcbc1789bd7457?narHash=sha256-z5NJPSBwsLf/OfD8WTmh79tlSU8XgIbwmk6qB1/TFzY%3D»/pkgs/by-name/al/alsa-lib/package.nix'
evaluating file '«github:NixOS/nixpkgs/23d72dabcb3b12469f57b37170fcbc1789bd7457?narHash=sha256-z5NJPSBwsLf/OfD8WTmh79tlSU8XgIbwmk6qB1/TFzY%3D»/pkgs/by-name/al/alsa-ucm-conf/package.nix'
evaluating file '«github:NixOS/nixpkgs/23d72dabcb3b12469f57b37170fcbc1789bd7457?narHash=sha256-z5NJPSBwsLf/OfD8WTmh79tlSU8XgIbwmk6qB1/TFzY%3D»/pkgs/by-name/al/alsa-topology-conf/package.nix'
evaluating file '«github:NixOS/nixpkgs/23d72dabcb3b12469f57b37170fcbc1789bd7457?narHash=sha256-z5NJPSBwsLf/OfD8WTmh79tlSU8XgIbwmk6qB1/TFzY%3D»/pkgs/by-name/el/ell/package.nix'
evaluating file '«github:NixOS/nixpkgs/23d72dabcb3b12469f57b37170fcbc1789bd7457?narHash=sha256-z5NJPSBwsLf/OfD8WTmh79tlSU8XgIbwmk6qB1/TFzY%3D»/pkgs/by-name/li/libical/package.nix'
evaluating file '«github:NixOS/nixpkgs/23d72dabcb3b12469f57b37170fcbc1789bd7457?narHash=sha256-z5NJPSBwsLf/OfD8WTmh79tlSU8XgIbwmk6qB1/TFzY%3D»/pkgs/development/compilers/vala/default.nix'
evaluating file '«github:NixOS/nixpkgs/23d72dabcb3b12469f57b37170fcbc1789bd7457?narHash=sha256-z5NJPSBwsLf/OfD8WTmh79tlSU8XgIbwmk6qB1/TFzY%3D»/pkgs/development/python-modules/pygobject/3.nix'
evaluating file '«github:NixOS/nixpkgs/23d72dabcb3b12469f57b37170fcbc1789bd7457?narHash=sha256-z5NJPSBwsLf/OfD8WTmh79tlSU8XgIbwmk6qB1/TFzY%3D»/pkgs/development/python-modules/pycairo/default.nix'
evaluating file '«github:NixOS/nixpkgs/23d72dabcb3b12469f57b37170fcbc1789bd7457?narHash=sha256-z5NJPSBwsLf/OfD8WTmh79tlSU8XgIbwmk6qB1/TFzY%3D»/pkgs/by-name/dn/dnsmasq/package.nix'
evaluating file '«github:NixOS/nixpkgs/23d72dabcb3b12469f57b37170fcbc1789bd7457?narHash=sha256-z5NJPSBwsLf/OfD8WTmh79tlSU8XgIbwmk6qB1/TFzY%3D»/pkgs/by-name/li/libidn/package.nix'
evaluating file '«github:NixOS/nixpkgs/23d72dabcb3b12469f57b37170fcbc1789bd7457?narHash=sha256-z5NJPSBwsLf/OfD8WTmh79tlSU8XgIbwmk6qB1/TFzY%3D»/pkgs/os-specific/linux/nftables/default.nix'
evaluating file '«github:NixOS/nixpkgs/23d72dabcb3b12469f57b37170fcbc1789bd7457?narHash=sha256-z5NJPSBwsLf/OfD8WTmh79tlSU8XgIbwmk6qB1/TFzY%3D»/pkgs/by-name/li/libgudev/package.nix'
evaluating file '«github:NixOS/nixpkgs/23d72dabcb3b12469f57b37170fcbc1789bd7457?narHash=sha256-z5NJPSBwsLf/OfD8WTmh79tlSU8XgIbwmk6qB1/TFzY%3D»/pkgs/by-name/um/umockdev/package.nix'
evaluating file '«github:NixOS/nixpkgs/23d72dabcb3b12469f57b37170fcbc1789bd7457?narHash=sha256-z5NJPSBwsLf/OfD8WTmh79tlSU8XgIbwmk6qB1/TFzY%3D»/pkgs/by-name/li/libmbim/package.nix'
evaluating file '«github:NixOS/nixpkgs/23d72dabcb3b12469f57b37170fcbc1789bd7457?narHash=sha256-z5NJPSBwsLf/OfD8WTmh79tlSU8XgIbwmk6qB1/TFzY%3D»/pkgs/by-name/li/libqmi/package.nix'
evaluating file '«github:NixOS/nixpkgs/23d72dabcb3b12469f57b37170fcbc1789bd7457?narHash=sha256-z5NJPSBwsLf/OfD8WTmh79tlSU8XgIbwmk6qB1/TFzY%3D»/pkgs/by-name/li/libqrtr-glib/package.nix'
evaluating file '«github:NixOS/nixpkgs/23d72dabcb3b12469f57b37170fcbc1789bd7457?narHash=sha256-z5NJPSBwsLf/OfD8WTmh79tlSU8XgIbwmk6qB1/TFzY%3D»/pkgs/by-name/ne/newt/package.nix'
evaluating file '«github:NixOS/nixpkgs/23d72dabcb3b12469f57b37170fcbc1789bd7457?narHash=sha256-z5NJPSBwsLf/OfD8WTmh79tlSU8XgIbwmk6qB1/TFzY%3D»/pkgs/by-name/sl/slang/package.nix'
evaluating file '«github:NixOS/nixpkgs/23d72dabcb3b12469f57b37170fcbc1789bd7457?narHash=sha256-z5NJPSBwsLf/OfD8WTmh79tlSU8XgIbwmk6qB1/TFzY%3D»/pkgs/by-name/dh/dhcpcd/package.nix'
evaluating file '«github:NixOS/nixpkgs/23d72dabcb3b12469f57b37170fcbc1789bd7457?narHash=sha256-z5NJPSBwsLf/OfD8WTmh79tlSU8XgIbwmk6qB1/TFzY%3D»/pkgs/by-name/et/ethtool/package.nix'
evaluating file '«github:NixOS/nixpkgs/23d72dabcb3b12469f57b37170fcbc1789bd7457?narHash=sha256-z5NJPSBwsLf/OfD8WTmh79tlSU8XgIbwmk6qB1/TFzY%3D»/pkgs/by-name/li/libapparmor/apparmorRulesFromClosure.nix'
evaluating file '«github:NixOS/nixpkgs/23d72dabcb3b12469f57b37170fcbc1789bd7457?narHash=sha256-z5NJPSBwsLf/OfD8WTmh79tlSU8XgIbwmk6qB1/TFzY%3D»/pkgs/top-level/haskell-packages.nix'
evaluating file '«github:NixOS/nixpkgs/23d72dabcb3b12469f57b37170fcbc1789bd7457?narHash=sha256-z5NJPSBwsLf/OfD8WTmh79tlSU8XgIbwmk6qB1/TFzY%3D»/pkgs/development/haskell-modules/lib/default.nix'
evaluating file '«github:NixOS/nixpkgs/23d72dabcb3b12469f57b37170fcbc1789bd7457?narHash=sha256-z5NJPSBwsLf/OfD8WTmh79tlSU8XgIbwmk6qB1/TFzY%3D»/pkgs/development/haskell-modules/lib/compose.nix'
evaluating file '«github:NixOS/nixpkgs/23d72dabcb3b12469f57b37170fcbc1789bd7457?narHash=sha256-z5NJPSBwsLf/OfD8WTmh79tlSU8XgIbwmk6qB1/TFzY%3D»/pkgs/development/tools/shellcheck/default.nix'
evaluating file '«github:NixOS/nixpkgs/23d72dabcb3b12469f57b37170fcbc1789bd7457?narHash=sha256-z5NJPSBwsLf/OfD8WTmh79tlSU8XgIbwmk6qB1/TFzY%3D»/pkgs/development/haskell-modules/default.nix'
evaluating file '«github:NixOS/nixpkgs/23d72dabcb3b12469f57b37170fcbc1789bd7457?narHash=sha256-z5NJPSBwsLf/OfD8WTmh79tlSU8XgIbwmk6qB1/TFzY%3D»/pkgs/development/haskell-modules/configuration-ghc-9.10.x.nix'
evaluating file '«github:NixOS/nixpkgs/23d72dabcb3b12469f57b37170fcbc1789bd7457?narHash=sha256-z5NJPSBwsLf/OfD8WTmh79tlSU8XgIbwmk6qB1/TFzY%3D»/pkgs/development/haskell-modules/configuration-common.nix'
evaluating file '«github:NixOS/nixpkgs/23d72dabcb3b12469f57b37170fcbc1789bd7457?narHash=sha256-z5NJPSBwsLf/OfD8WTmh79tlSU8XgIbwmk6qB1/TFzY%3D»/pkgs/development/haskell-modules/configuration-tensorflow.nix'
evaluating file '«github:NixOS/nixpkgs/23d72dabcb3b12469f57b37170fcbc1789bd7457?narHash=sha256-z5NJPSBwsLf/OfD8WTmh79tlSU8XgIbwmk6qB1/TFzY%3D»/pkgs/development/haskell-modules/configuration-nix.nix'
evaluating file '«github:NixOS/nixpkgs/23d72dabcb3b12469f57b37170fcbc1789bd7457?narHash=sha256-z5NJPSBwsLf/OfD8WTmh79tlSU8XgIbwmk6qB1/TFzY%3D»/pkgs/development/haskell-modules/non-hackage-packages.nix'
evaluating file '«github:NixOS/nixpkgs/23d72dabcb3b12469f57b37170fcbc1789bd7457?narHash=sha256-z5NJPSBwsLf/OfD8WTmh79tlSU8XgIbwmk6qB1/TFzY%3D»/pkgs/development/haskell-modules/make-package-set.nix'
evaluating file '«github:NixOS/nixpkgs/23d72dabcb3b12469f57b37170fcbc1789bd7457?narHash=sha256-z5NJPSBwsLf/OfD8WTmh79tlSU8XgIbwmk6qB1/TFzY%3D»/pkgs/development/haskell-modules/initial-packages.nix'
evaluating file '«github:NixOS/nixpkgs/23d72dabcb3b12469f57b37170fcbc1789bd7457?narHash=sha256-z5NJPSBwsLf/OfD8WTmh79tlSU8XgIbwmk6qB1/TFzY%3D»/pkgs/development/haskell-modules/hackage-packages.nix'
evaluating file '«github:NixOS/nixpkgs/23d72dabcb3b12469f57b37170fcbc1789bd7457?narHash=sha256-z5NJPSBwsLf/OfD8WTmh79tlSU8XgIbwmk6qB1/TFzY%3D»/pkgs/desktops/gnome-2/default.nix'
evaluating file '«github:NixOS/nixpkgs/23d72dabcb3b12469f57b37170fcbc1789bd7457?narHash=sha256-z5NJPSBwsLf/OfD8WTmh79tlSU8XgIbwmk6qB1/TFzY%3D»/pkgs/development/haskell-modules/generic-builder.nix'
evaluating file '«github:NixOS/nixpkgs/23d72dabcb3b12469f57b37170fcbc1789bd7457?narHash=sha256-z5NJPSBwsLf/OfD8WTmh79tlSU8XgIbwmk6qB1/TFzY%3D»/pkgs/development/compilers/ghc/9.10.3.nix'
evaluating file '«github:NixOS/nixpkgs/23d72dabcb3b12469f57b37170fcbc1789bd7457?narHash=sha256-z5NJPSBwsLf/OfD8WTmh79tlSU8XgIbwmk6qB1/TFzY%3D»/pkgs/development/compilers/ghc/common-hadrian.nix'
evaluating file '«github:NixOS/nixpkgs/23d72dabcb3b12469f57b37170fcbc1789bd7457?narHash=sha256-z5NJPSBwsLf/OfD8WTmh79tlSU8XgIbwmk6qB1/TFzY%3D»/pkgs/development/haskell-modules/configuration-ghc-9.8.x.nix'
evaluating file '«github:NixOS/nixpkgs/23d72dabcb3b12469f57b37170fcbc1789bd7457?narHash=sha256-z5NJPSBwsLf/OfD8WTmh79tlSU8XgIbwmk6qB1/TFzY%3D»/pkgs/development/compilers/ghc/9.8.4-binary.nix'
evaluating file '«github:NixOS/nixpkgs/23d72dabcb3b12469f57b37170fcbc1789bd7457?narHash=sha256-z5NJPSBwsLf/OfD8WTmh79tlSU8XgIbwmk6qB1/TFzY%3D»/pkgs/development/compilers/ghc/common-have-ncg.nix'
evaluating file '«github:NixOS/nixpkgs/23d72dabcb3b12469f57b37170fcbc1789bd7457?narHash=sha256-z5NJPSBwsLf/OfD8WTmh79tlSU8XgIbwmk6qB1/TFzY%3D»/pkgs/development/tools/haskell/hadrian/make-hadrian.nix'
evaluating file '«github:NixOS/nixpkgs/23d72dabcb3b12469f57b37170fcbc1789bd7457?narHash=sha256-z5NJPSBwsLf/OfD8WTmh79tlSU8XgIbwmk6qB1/TFzY%3D»/pkgs/development/tools/haskell/hadrian/hadrian.nix'
evaluating file '«github:NixOS/nixpkgs/23d72dabcb3b12469f57b37170fcbc1789bd7457?narHash=sha256-z5NJPSBwsLf/OfD8WTmh79tlSU8XgIbwmk6qB1/TFzY%3D»/pkgs/development/tools/haskell/hadrian/ghc-platform.nix'
evaluating file '«github:NixOS/nixpkgs/23d72dabcb3b12469f57b37170fcbc1789bd7457?narHash=sha256-z5NJPSBwsLf/OfD8WTmh79tlSU8XgIbwmk6qB1/TFzY%3D»/pkgs/development/compilers/ghc/common-llvm-patches.nix'
evaluating file '«github:NixOS/nixpkgs/23d72dabcb3b12469f57b37170fcbc1789bd7457?narHash=sha256-z5NJPSBwsLf/OfD8WTmh79tlSU8XgIbwmk6qB1/TFzY%3D»/pkgs/development/tools/haskell/hadrian/ghc-toolchain.nix'
evaluating file '«github:NixOS/nixpkgs/23d72dabcb3b12469f57b37170fcbc1789bd7457?narHash=sha256-z5NJPSBwsLf/OfD8WTmh79tlSU8XgIbwmk6qB1/TFzY%3D»/pkgs/development/tools/haskell/ghc-settings-edit/default.nix'
evaluating file '«github:NixOS/nixpkgs/23d72dabcb3b12469f57b37170fcbc1789bd7457?narHash=sha256-z5NJPSBwsLf/OfD8WTmh79tlSU8XgIbwmk6qB1/TFzY%3D»/nixos/lib/make-options-doc/default.nix'
evaluating file '«github:NixOS/nixpkgs/23d72dabcb3b12469f57b37170fcbc1789bd7457?narHash=sha256-z5NJPSBwsLf/OfD8WTmh79tlSU8XgIbwmk6qB1/TFzY%3D»/nixos/modules/virtualisation/qemu-vm.nix'
evaluating file '«github:NixOS/nixpkgs/23d72dabcb3b12469f57b37170fcbc1789bd7457?narHash=sha256-z5NJPSBwsLf/OfD8WTmh79tlSU8XgIbwmk6qB1/TFzY%3D»/nixos/modules/image/repart.nix'
evaluating file '«github:NixOS/nixpkgs/23d72dabcb3b12469f57b37170fcbc1789bd7457?narHash=sha256-z5NJPSBwsLf/OfD8WTmh79tlSU8XgIbwmk6qB1/TFzY%3D»/nixos/modules/profiles/qemu-guest.nix'
evaluating file '«github:NixOS/nixpkgs/23d72dabcb3b12469f57b37170fcbc1789bd7457?narHash=sha256-z5NJPSBwsLf/OfD8WTmh79tlSU8XgIbwmk6qB1/TFzY%3D»/nixos/modules/services/networking/nghttpx/backend-submodule.nix'
evaluating file '«github:NixOS/nixpkgs/23d72dabcb3b12469f57b37170fcbc1789bd7457?narHash=sha256-z5NJPSBwsLf/OfD8WTmh79tlSU8XgIbwmk6qB1/TFzY%3D»/nixos/modules/services/networking/nghttpx/frontend-submodule.nix'
evaluating file '«github:NixOS/nixpkgs/23d72dabcb3b12469f57b37170fcbc1789bd7457?narHash=sha256-z5NJPSBwsLf/OfD8WTmh79tlSU8XgIbwmk6qB1/TFzY%3D»/nixos/modules/services/networking/nghttpx/tls-submodule.nix'
evaluating file '«github:NixOS/nixpkgs/23d72dabcb3b12469f57b37170fcbc1789bd7457?narHash=sha256-z5NJPSBwsLf/OfD8WTmh79tlSU8XgIbwmk6qB1/TFzY%3D»/pkgs/by-name/gh/ghostunnel/package.nix'
evaluating file '«github:NixOS/nixpkgs/23d72dabcb3b12469f57b37170fcbc1789bd7457?narHash=sha256-z5NJPSBwsLf/OfD8WTmh79tlSU8XgIbwmk6qB1/TFzY%3D»/pkgs/build-support/go/module.nix'
evaluating file '«github:NixOS/nixpkgs/23d72dabcb3b12469f57b37170fcbc1789bd7457?narHash=sha256-z5NJPSBwsLf/OfD8WTmh79tlSU8XgIbwmk6qB1/TFzY%3D»/pkgs/by-name/gh/ghostunnel/service.nix'
evaluating file '«github:NixOS/nixpkgs/23d72dabcb3b12469f57b37170fcbc1789bd7457?narHash=sha256-z5NJPSBwsLf/OfD8WTmh79tlSU8XgIbwmk6qB1/TFzY%3D»/pkgs/development/interpreters/php/8.4.nix'
evaluating file '«github:NixOS/nixpkgs/23d72dabcb3b12469f57b37170fcbc1789bd7457?narHash=sha256-z5NJPSBwsLf/OfD8WTmh79tlSU8XgIbwmk6qB1/TFzY%3D»/pkgs/development/interpreters/php/generic.nix'
evaluating file '«github:NixOS/nixpkgs/23d72dabcb3b12469f57b37170fcbc1789bd7457?narHash=sha256-z5NJPSBwsLf/OfD8WTmh79tlSU8XgIbwmk6qB1/TFzY%3D»/pkgs/development/interpreters/php/service.nix'
evaluating file '«github:NixOS/nixpkgs/23d72dabcb3b12469f57b37170fcbc1789bd7457?narHash=sha256-z5NJPSBwsLf/OfD8WTmh79tlSU8XgIbwmk6qB1/TFzY%3D»/nixos/modules/services/continuous-integration/hercules-ci-agent/settings.nix'
evaluating file '«github:NixOS/nixpkgs/23d72dabcb3b12469f57b37170fcbc1789bd7457?narHash=sha256-z5NJPSBwsLf/OfD8WTmh79tlSU8XgIbwmk6qB1/TFzY%3D»/nixos/modules/services/web-servers/nginx/location-options.nix'
evaluating file '«github:NixOS/nixpkgs/23d72dabcb3b12469f57b37170fcbc1789bd7457?narHash=sha256-z5NJPSBwsLf/OfD8WTmh79tlSU8XgIbwmk6qB1/TFzY%3D»/nixos/modules/services/networking/nghttpx/backend-params-submodule.nix'
evaluating file '«github:NixOS/nixpkgs/23d72dabcb3b12469f57b37170fcbc1789bd7457?narHash=sha256-z5NJPSBwsLf/OfD8WTmh79tlSU8XgIbwmk6qB1/TFzY%3D»/nixos/modules/services/networking/nghttpx/frontend-params-submodule.nix'
evaluating file '«github:NixOS/nixpkgs/23d72dabcb3b12469f57b37170fcbc1789bd7457?narHash=sha256-z5NJPSBwsLf/OfD8WTmh79tlSU8XgIbwmk6qB1/TFzY%3D»/pkgs/pkgs-lib/formats/libconfig/default.nix'
evaluating file '«github:NixOS/nixpkgs/23d72dabcb3b12469f57b37170fcbc1789bd7457?narHash=sha256-z5NJPSBwsLf/OfD8WTmh79tlSU8XgIbwmk6qB1/TFzY%3D»/pkgs/tools/inputmethods/ibus-engines/ibus-anthy/default.nix'
evaluating file '«github:NixOS/nixpkgs/23d72dabcb3b12469f57b37170fcbc1789bd7457?narHash=sha256-z5NJPSBwsLf/OfD8WTmh79tlSU8XgIbwmk6qB1/TFzY%3D»/pkgs/tools/inputmethods/ibus-engines/ibus-bamboo/default.nix'
evaluating file '«github:NixOS/nixpkgs/23d72dabcb3b12469f57b37170fcbc1789bd7457?narHash=sha256-z5NJPSBwsLf/OfD8WTmh79tlSU8XgIbwmk6qB1/TFzY%3D»/pkgs/tools/inputmethods/ibus-engines/ibus-cangjie/default.nix'
evaluating file '«github:NixOS/nixpkgs/23d72dabcb3b12469f57b37170fcbc1789bd7457?narHash=sha256-z5NJPSBwsLf/OfD8WTmh79tlSU8XgIbwmk6qB1/TFzY%3D»/pkgs/tools/inputmethods/ibus-engines/ibus-chewing/default.nix'
evaluating file '«github:NixOS/nixpkgs/23d72dabcb3b12469f57b37170fcbc1789bd7457?narHash=sha256-z5NJPSBwsLf/OfD8WTmh79tlSU8XgIbwmk6qB1/TFzY%3D»/pkgs/tools/inputmethods/ibus-engines/ibus-hangul/default.nix'
evaluating file '«github:NixOS/nixpkgs/23d72dabcb3b12469f57b37170fcbc1789bd7457?narHash=sha256-z5NJPSBwsLf/OfD8WTmh79tlSU8XgIbwmk6qB1/TFzY%3D»/pkgs/tools/inputmethods/ibus-engines/ibus-libpinyin/default.nix'
evaluating file '«github:NixOS/nixpkgs/23d72dabcb3b12469f57b37170fcbc1789bd7457?narHash=sha256-z5NJPSBwsLf/OfD8WTmh79tlSU8XgIbwmk6qB1/TFzY%3D»/pkgs/tools/inputmethods/ibus-engines/ibus-libthai/default.nix'
evaluating file '«github:NixOS/nixpkgs/23d72dabcb3b12469f57b37170fcbc1789bd7457?narHash=sha256-z5NJPSBwsLf/OfD8WTmh79tlSU8XgIbwmk6qB1/TFzY%3D»/pkgs/tools/inputmethods/ibus-engines/ibus-m17n/default.nix'
evaluating file '«github:NixOS/nixpkgs/23d72dabcb3b12469f57b37170fcbc1789bd7457?narHash=sha256-z5NJPSBwsLf/OfD8WTmh79tlSU8XgIbwmk6qB1/TFzY%3D»/pkgs/by-name/mo/mozc/package.nix'
evaluating file '«github:NixOS/nixpkgs/23d72dabcb3b12469f57b37170fcbc1789bd7457?narHash=sha256-z5NJPSBwsLf/OfD8WTmh79tlSU8XgIbwmk6qB1/TFzY%3D»/pkgs/build-support/build-bazel-package/default.nix'
evaluating file '«github:NixOS/nixpkgs/23d72dabcb3b12469f57b37170fcbc1789bd7457?narHash=sha256-z5NJPSBwsLf/OfD8WTmh79tlSU8XgIbwmk6qB1/TFzY%3D»/pkgs/by-name/mo/mozc-ut/package.nix'
evaluating file '«github:NixOS/nixpkgs/23d72dabcb3b12469f57b37170fcbc1789bd7457?narHash=sha256-z5NJPSBwsLf/OfD8WTmh79tlSU8XgIbwmk6qB1/TFzY%3D»/pkgs/applications/misc/openbangla-keyboard/default.nix'
evaluating file '«github:NixOS/nixpkgs/23d72dabcb3b12469f57b37170fcbc1789bd7457?narHash=sha256-z5NJPSBwsLf/OfD8WTmh79tlSU8XgIbwmk6qB1/TFzY%3D»/pkgs/tools/inputmethods/ibus-engines/ibus-pinyin/default.nix'
evaluating file '«github:NixOS/nixpkgs/23d72dabcb3b12469f57b37170fcbc1789bd7457?narHash=sha256-z5NJPSBwsLf/OfD8WTmh79tlSU8XgIbwmk6qB1/TFzY%3D»/pkgs/tools/inputmethods/ibus-engines/ibus-rime/default.nix'
evaluating file '«github:NixOS/nixpkgs/23d72dabcb3b12469f57b37170fcbc1789bd7457?narHash=sha256-z5NJPSBwsLf/OfD8WTmh79tlSU8XgIbwmk6qB1/TFzY%3D»/pkgs/tools/inputmethods/ibus-engines/ibus-table/default.nix'
evaluating file '«github:NixOS/nixpkgs/23d72dabcb3b12469f57b37170fcbc1789bd7457?narHash=sha256-z5NJPSBwsLf/OfD8WTmh79tlSU8XgIbwmk6qB1/TFzY%3D»/pkgs/tools/inputmethods/ibus-engines/ibus-table-chinese/default.nix'
evaluating file '«github:NixOS/nixpkgs/23d72dabcb3b12469f57b37170fcbc1789bd7457?narHash=sha256-z5NJPSBwsLf/OfD8WTmh79tlSU8XgIbwmk6qB1/TFzY%3D»/pkgs/tools/inputmethods/ibus-engines/ibus-table-others/default.nix'
evaluating file '«github:NixOS/nixpkgs/23d72dabcb3b12469f57b37170fcbc1789bd7457?narHash=sha256-z5NJPSBwsLf/OfD8WTmh79tlSU8XgIbwmk6qB1/TFzY%3D»/pkgs/tools/inputmethods/ibus-engines/ibus-typing-booster/wrapper.nix'
evaluating file '«github:NixOS/nixpkgs/23d72dabcb3b12469f57b37170fcbc1789bd7457?narHash=sha256-z5NJPSBwsLf/OfD8WTmh79tlSU8XgIbwmk6qB1/TFzY%3D»/pkgs/tools/inputmethods/ibus-engines/ibus-typing-booster/default.nix'
evaluating file '«github:NixOS/nixpkgs/23d72dabcb3b12469f57b37170fcbc1789bd7457?narHash=sha256-z5NJPSBwsLf/OfD8WTmh79tlSU8XgIbwmk6qB1/TFzY%3D»/pkgs/tools/inputmethods/ibus-engines/ibus-uniemoji/default.nix'
evaluating file '«github:NixOS/nixpkgs/23d72dabcb3b12469f57b37170fcbc1789bd7457?narHash=sha256-z5NJPSBwsLf/OfD8WTmh79tlSU8XgIbwmk6qB1/TFzY%3D»/pkgs/by-name/ki/kime/package.nix'
evaluating file '«github:NixOS/nixpkgs/23d72dabcb3b12469f57b37170fcbc1789bd7457?narHash=sha256-z5NJPSBwsLf/OfD8WTmh79tlSU8XgIbwmk6qB1/TFzY%3D»/pkgs/by-name/au/auto-cpufreq/package.nix'
evaluating file '«github:NixOS/nixpkgs/23d72dabcb3b12469f57b37170fcbc1789bd7457?narHash=sha256-z5NJPSBwsLf/OfD8WTmh79tlSU8XgIbwmk6qB1/TFzY%3D»/pkgs/by-name/de/dex-oidc/package.nix'
evaluating file '«github:NixOS/nixpkgs/23d72dabcb3b12469f57b37170fcbc1789bd7457?narHash=sha256-z5NJPSBwsLf/OfD8WTmh79tlSU8XgIbwmk6qB1/TFzY%3D»/pkgs/by-name/dn/dnscrypt-proxy/package.nix'
evaluating file '«github:NixOS/nixpkgs/23d72dabcb3b12469f57b37170fcbc1789bd7457?narHash=sha256-z5NJPSBwsLf/OfD8WTmh79tlSU8XgIbwmk6qB1/TFzY%3D»/pkgs/by-name/ev/evcc/package.nix'
evaluating file '«github:NixOS/nixpkgs/23d72dabcb3b12469f57b37170fcbc1789bd7457?narHash=sha256-z5NJPSBwsLf/OfD8WTmh79tlSU8XgIbwmk6qB1/TFzY%3D»/pkgs/development/libraries/ffmpeg/default.nix'
evaluating file '«github:NixOS/nixpkgs/23d72dabcb3b12469f57b37170fcbc1789bd7457?narHash=sha256-z5NJPSBwsLf/OfD8WTmh79tlSU8XgIbwmk6qB1/TFzY%3D»/pkgs/development/libraries/ffmpeg/generic.nix'
evaluating file '«github:NixOS/nixpkgs/23d72dabcb3b12469f57b37170fcbc1789bd7457?narHash=sha256-z5NJPSBwsLf/OfD8WTmh79tlSU8XgIbwmk6qB1/TFzY%3D»/pkgs/by-name/ge/gerrit/package.nix'
evaluating file '«github:NixOS/nixpkgs/23d72dabcb3b12469f57b37170fcbc1789bd7457?narHash=sha256-z5NJPSBwsLf/OfD8WTmh79tlSU8XgIbwmk6qB1/TFzY%3D»/pkgs/by-name/go/go2rtc/package.nix'
evaluating file '«github:NixOS/nixpkgs/23d72dabcb3b12469f57b37170fcbc1789bd7457?narHash=sha256-z5NJPSBwsLf/OfD8WTmh79tlSU8XgIbwmk6qB1/TFzY%3D»/pkgs/servers/home-assistant/default.nix'
evaluating file '«github:NixOS/nixpkgs/23d72dabcb3b12469f57b37170fcbc1789bd7457?narHash=sha256-z5NJPSBwsLf/OfD8WTmh79tlSU8XgIbwmk6qB1/TFzY%3D»/pkgs/servers/home-assistant/component-packages.nix'
evaluating file '«github:NixOS/nixpkgs/23d72dabcb3b12469f57b37170fcbc1789bd7457?narHash=sha256-z5NJPSBwsLf/OfD8WTmh79tlSU8XgIbwmk6qB1/TFzY%3D»/pkgs/by-name/ji/jirafeau/package.nix'
evaluating file '«github:NixOS/nixpkgs/23d72dabcb3b12469f57b37170fcbc1789bd7457?narHash=sha256-z5NJPSBwsLf/OfD8WTmh79tlSU8XgIbwmk6qB1/TFzY%3D»/pkgs/by-name/ke/kea/package.nix'
evaluating file '«github:NixOS/nixpkgs/23d72dabcb3b12469f57b37170fcbc1789bd7457?narHash=sha256-z5NJPSBwsLf/OfD8WTmh79tlSU8XgIbwmk6qB1/TFzY%3D»/pkgs/by-name/la/lasuite-docs-collaboration-server/package.nix'
evaluating file '«github:NixOS/nixpkgs/23d72dabcb3b12469f57b37170fcbc1789bd7457?narHash=sha256-z5NJPSBwsLf/OfD8WTmh79tlSU8XgIbwmk6qB1/TFzY%3D»/pkgs/by-name/la/lasuite-docs/package.nix'
evaluating file '«github:NixOS/nixpkgs/23d72dabcb3b12469f57b37170fcbc1789bd7457?narHash=sha256-z5NJPSBwsLf/OfD8WTmh79tlSU8XgIbwmk6qB1/TFzY%3D»/pkgs/by-name/la/lasuite-meet/package.nix'
evaluating file '«github:NixOS/nixpkgs/23d72dabcb3b12469f57b37170fcbc1789bd7457?narHash=sha256-z5NJPSBwsLf/OfD8WTmh79tlSU8XgIbwmk6qB1/TFzY%3D»/pkgs/by-name/ma/matrix-appservice-irc/package.nix'
evaluating file '«github:NixOS/nixpkgs/23d72dabcb3b12469f57b37170fcbc1789bd7457?narHash=sha256-z5NJPSBwsLf/OfD8WTmh79tlSU8XgIbwmk6qB1/TFzY%3D»/pkgs/by-name/ma/matrix-synapse-unwrapped/package.nix'
evaluating file '«github:NixOS/nixpkgs/23d72dabcb3b12469f57b37170fcbc1789bd7457?narHash=sha256-z5NJPSBwsLf/OfD8WTmh79tlSU8XgIbwmk6qB1/TFzY%3D»/pkgs/by-name/mu/music-assistant/package.nix'
evaluating file '«github:NixOS/nixpkgs/23d72dabcb3b12469f57b37170fcbc1789bd7457?narHash=sha256-z5NJPSBwsLf/OfD8WTmh79tlSU8XgIbwmk6qB1/TFzY%3D»/pkgs/by-name/mu/music-assistant/providers.nix'
evaluating file '«github:NixOS/nixpkgs/23d72dabcb3b12469f57b37170fcbc1789bd7457?narHash=sha256-z5NJPSBwsLf/OfD8WTmh79tlSU8XgIbwmk6qB1/TFzY%3D»/nixos/modules/services/networking/nghttpx/server-options.nix'
evaluating file '«github:NixOS/nixpkgs/23d72dabcb3b12469f57b37170fcbc1789bd7457?narHash=sha256-z5NJPSBwsLf/OfD8WTmh79tlSU8XgIbwmk6qB1/TFzY%3D»/pkgs/by-name/pi/pinnwand/package.nix'
evaluating file '«github:NixOS/nixpkgs/23d72dabcb3b12469f57b37170fcbc1789bd7457?narHash=sha256-z5NJPSBwsLf/OfD8WTmh79tlSU8XgIbwmk6qB1/TFzY%3D»/pkgs/by-name/po/postsrsd/package.nix'
evaluating file '«github:NixOS/nixpkgs/23d72dabcb3b12469f57b37170fcbc1789bd7457?narHash=sha256-z5NJPSBwsLf/OfD8WTmh79tlSU8XgIbwmk6qB1/TFzY%3D»/pkgs/by-name/po/powerdns-admin/package.nix'
evaluating file '«github:NixOS/nixpkgs/23d72dabcb3b12469f57b37170fcbc1789bd7457?narHash=sha256-z5NJPSBwsLf/OfD8WTmh79tlSU8XgIbwmk6qB1/TFzY%3D»/pkgs/by-name/va/vaultwarden/package.nix'
evaluating file '«github:NixOS/nixpkgs/23d72dabcb3b12469f57b37170fcbc1789bd7457?narHash=sha256-z5NJPSBwsLf/OfD8WTmh79tlSU8XgIbwmk6qB1/TFzY%3D»/nixos/modules/system/activation/no-clone.nix'
evaluating file '«github:NixOS/nixpkgs/23d72dabcb3b12469f57b37170fcbc1789bd7457?narHash=sha256-z5NJPSBwsLf/OfD8WTmh79tlSU8XgIbwmk6qB1/TFzY%3D»/nixos/lib/qemu-common.nix'
evaluating file '«github:NixOS/nixpkgs/23d72dabcb3b12469f57b37170fcbc1789bd7457?narHash=sha256-z5NJPSBwsLf/OfD8WTmh79tlSU8XgIbwmk6qB1/TFzY%3D»/nixos/doc/manual/common.nix'
evaluating file '«github:NixOS/nixpkgs/23d72dabcb3b12469f57b37170fcbc1789bd7457?narHash=sha256-z5NJPSBwsLf/OfD8WTmh79tlSU8XgIbwmk6qB1/TFzY%3D»/pkgs/by-name/ni/nixos-render-docs/package.nix'
evaluating file '«github:NixOS/nixpkgs/23d72dabcb3b12469f57b37170fcbc1789bd7457?narHash=sha256-z5NJPSBwsLf/OfD8WTmh79tlSU8XgIbwmk6qB1/TFzY%3D»/pkgs/development/python-modules/markdown-it-py/default.nix'
evaluating file '«github:NixOS/nixpkgs/23d72dabcb3b12469f57b37170fcbc1789bd7457?narHash=sha256-z5NJPSBwsLf/OfD8WTmh79tlSU8XgIbwmk6qB1/TFzY%3D»/pkgs/development/python-modules/mdurl/default.nix'
evaluating file '«github:NixOS/nixpkgs/23d72dabcb3b12469f57b37170fcbc1789bd7457?narHash=sha256-z5NJPSBwsLf/OfD8WTmh79tlSU8XgIbwmk6qB1/TFzY%3D»/pkgs/development/python-modules/mdit-py-plugins/default.nix'
evaluating file '«github:NixOS/nixpkgs/23d72dabcb3b12469f57b37170fcbc1789bd7457?narHash=sha256-z5NJPSBwsLf/OfD8WTmh79tlSU8XgIbwmk6qB1/TFzY%3D»/pkgs/misc/documentation-highlighter/default.nix'
evaluating file '«github:NixOS/nixpkgs/23d72dabcb3b12469f57b37170fcbc1789bd7457?narHash=sha256-z5NJPSBwsLf/OfD8WTmh79tlSU8XgIbwmk6qB1/TFzY%3D»/nixos/lib/testing/default.nix'
evaluating file '«github:NixOS/nixpkgs/23d72dabcb3b12469f57b37170fcbc1789bd7457?narHash=sha256-z5NJPSBwsLf/OfD8WTmh79tlSU8XgIbwmk6qB1/TFzY%3D»/nixos/lib/testing/call-test.nix'
evaluating file '«github:NixOS/nixpkgs/23d72dabcb3b12469f57b37170fcbc1789bd7457?narHash=sha256-z5NJPSBwsLf/OfD8WTmh79tlSU8XgIbwmk6qB1/TFzY%3D»/nixos/lib/testing/driver.nix'
evaluating file '«github:NixOS/nixpkgs/23d72dabcb3b12469f57b37170fcbc1789bd7457?narHash=sha256-z5NJPSBwsLf/OfD8WTmh79tlSU8XgIbwmk6qB1/TFzY%3D»/nixos/lib/testing/interactive.nix'
evaluating file '«github:NixOS/nixpkgs/23d72dabcb3b12469f57b37170fcbc1789bd7457?narHash=sha256-z5NJPSBwsLf/OfD8WTmh79tlSU8XgIbwmk6qB1/TFzY%3D»/nixos/lib/testing/legacy.nix'
evaluating file '«github:NixOS/nixpkgs/23d72dabcb3b12469f57b37170fcbc1789bd7457?narHash=sha256-z5NJPSBwsLf/OfD8WTmh79tlSU8XgIbwmk6qB1/TFzY%3D»/nixos/lib/testing/meta.nix'
evaluating file '«github:NixOS/nixpkgs/23d72dabcb3b12469f57b37170fcbc1789bd7457?narHash=sha256-z5NJPSBwsLf/OfD8WTmh79tlSU8XgIbwmk6qB1/TFzY%3D»/nixos/lib/testing/name.nix'
evaluating file '«github:NixOS/nixpkgs/23d72dabcb3b12469f57b37170fcbc1789bd7457?narHash=sha256-z5NJPSBwsLf/OfD8WTmh79tlSU8XgIbwmk6qB1/TFzY%3D»/nixos/lib/testing/network.nix'
evaluating file '«github:NixOS/nixpkgs/23d72dabcb3b12469f57b37170fcbc1789bd7457?narHash=sha256-z5NJPSBwsLf/OfD8WTmh79tlSU8XgIbwmk6qB1/TFzY%3D»/nixos/lib/testing/nodes.nix'
evaluating file '«github:NixOS/nixpkgs/23d72dabcb3b12469f57b37170fcbc1789bd7457?narHash=sha256-z5NJPSBwsLf/OfD8WTmh79tlSU8XgIbwmk6qB1/TFzY%3D»/nixos/lib/testing/pkgs.nix'
evaluating file '«github:NixOS/nixpkgs/23d72dabcb3b12469f57b37170fcbc1789bd7457?narHash=sha256-z5NJPSBwsLf/OfD8WTmh79tlSU8XgIbwmk6qB1/TFzY%3D»/nixos/lib/testing/run.nix'
evaluating file '«github:NixOS/nixpkgs/23d72dabcb3b12469f57b37170fcbc1789bd7457?narHash=sha256-z5NJPSBwsLf/OfD8WTmh79tlSU8XgIbwmk6qB1/TFzY%3D»/nixos/lib/testing/testScript.nix'
evaluating file '«github:NixOS/nixpkgs/23d72dabcb3b12469f57b37170fcbc1789bd7457?narHash=sha256-z5NJPSBwsLf/OfD8WTmh79tlSU8XgIbwmk6qB1/TFzY%3D»/nixos/lib/test-driver/nixos-test-driver-docstrings.nix'
evaluating file '«github:NixOS/nixpkgs/23d72dabcb3b12469f57b37170fcbc1789bd7457?narHash=sha256-z5NJPSBwsLf/OfD8WTmh79tlSU8XgIbwmk6qB1/TFzY%3D»/nixos/modules/system/service/portable/service.nix'
evaluating file '«github:NixOS/nixpkgs/23d72dabcb3b12469f57b37170fcbc1789bd7457?narHash=sha256-z5NJPSBwsLf/OfD8WTmh79tlSU8XgIbwmk6qB1/TFzY%3D»/nixos/modules/system/service/portable/config-data.nix'
evaluating file '«github:NixOS/nixpkgs/23d72dabcb3b12469f57b37170fcbc1789bd7457?narHash=sha256-z5NJPSBwsLf/OfD8WTmh79tlSU8XgIbwmk6qB1/TFzY%3D»/nixos/modules/system/service/portable/config-data-item.nix'
evaluating file '«github:NixOS/nixpkgs/23d72dabcb3b12469f57b37170fcbc1789bd7457?narHash=sha256-z5NJPSBwsLf/OfD8WTmh79tlSU8XgIbwmk6qB1/TFzY%3D»/nixos/modules/system/service/systemd/service.nix'
evaluating file '«github:NixOS/nixpkgs/23d72dabcb3b12469f57b37170fcbc1789bd7457?narHash=sha256-z5NJPSBwsLf/OfD8WTmh79tlSU8XgIbwmk6qB1/TFzY%3D»/pkgs/by-name/ro/roboto/package.nix'
evaluating file '«github:NixOS/nixpkgs/23d72dabcb3b12469f57b37170fcbc1789bd7457?narHash=sha256-z5NJPSBwsLf/OfD8WTmh79tlSU8XgIbwmk6qB1/TFzY%3D»/pkgs/build-support/make-desktopitem/default.nix'
evaluating file '«github:NixOS/nixpkgs/23d72dabcb3b12469f57b37170fcbc1789bd7457?narHash=sha256-z5NJPSBwsLf/OfD8WTmh79tlSU8XgIbwmk6qB1/TFzY%3D»/pkgs/by-name/de/desktop-file-utils/package.nix'
evaluating file '«github:NixOS/nixpkgs/23d72dabcb3b12469f57b37170fcbc1789bd7457?narHash=sha256-z5NJPSBwsLf/OfD8WTmh79tlSU8XgIbwmk6qB1/TFzY%3D»/pkgs/development/libraries/jemalloc/default.nix'
evaluating file '«github:NixOS/nixpkgs/23d72dabcb3b12469f57b37170fcbc1789bd7457?narHash=sha256-z5NJPSBwsLf/OfD8WTmh79tlSU8XgIbwmk6qB1/TFzY%3D»/pkgs/by-name/au/autogen/package.nix'
evaluating file '«github:NixOS/nixpkgs/23d72dabcb3b12469f57b37170fcbc1789bd7457?narHash=sha256-z5NJPSBwsLf/OfD8WTmh79tlSU8XgIbwmk6qB1/TFzY%3D»/pkgs/development/interpreters/guile/2.2.nix'
evaluating file '«github:NixOS/nixpkgs/23d72dabcb3b12469f57b37170fcbc1789bd7457?narHash=sha256-z5NJPSBwsLf/OfD8WTmh79tlSU8XgIbwmk6qB1/TFzY%3D»/pkgs/by-name/fs/fstrm/package.nix'
evaluating file '«github:NixOS/nixpkgs/23d72dabcb3b12469f57b37170fcbc1789bd7457?narHash=sha256-z5NJPSBwsLf/OfD8WTmh79tlSU8XgIbwmk6qB1/TFzY%3D»/pkgs/by-name/pr/protobufc/package.nix'
evaluating file '«github:NixOS/nixpkgs/23d72dabcb3b12469f57b37170fcbc1789bd7457?narHash=sha256-z5NJPSBwsLf/OfD8WTmh79tlSU8XgIbwmk6qB1/TFzY%3D»/pkgs/development/libraries/protobuf/25.nix'
evaluating file '«github:NixOS/nixpkgs/23d72dabcb3b12469f57b37170fcbc1789bd7457?narHash=sha256-z5NJPSBwsLf/OfD8WTmh79tlSU8XgIbwmk6qB1/TFzY%3D»/pkgs/development/libraries/protobuf/generic.nix'
evaluating file '«github:NixOS/nixpkgs/23d72dabcb3b12469f57b37170fcbc1789bd7457?narHash=sha256-z5NJPSBwsLf/OfD8WTmh79tlSU8XgIbwmk6qB1/TFzY%3D»/pkgs/by-name/wh/whois/package.nix'
evaluating file '«github:NixOS/nixpkgs/23d72dabcb3b12469f57b37170fcbc1789bd7457?narHash=sha256-z5NJPSBwsLf/OfD8WTmh79tlSU8XgIbwmk6qB1/TFzY%3D»/pkgs/by-name/xa/xauth/package.nix'
evaluating file '«github:NixOS/nixpkgs/23d72dabcb3b12469f57b37170fcbc1789bd7457?narHash=sha256-z5NJPSBwsLf/OfD8WTmh79tlSU8XgIbwmk6qB1/TFzY%3D»/pkgs/by-name/li/libxmu/package.nix'
evaluating file '«github:NixOS/nixpkgs/23d72dabcb3b12469f57b37170fcbc1789bd7457?narHash=sha256-z5NJPSBwsLf/OfD8WTmh79tlSU8XgIbwmk6qB1/TFzY%3D»/pkgs/build-support/substitute/substitute.nix'
evaluating file '«github:NixOS/nixpkgs/23d72dabcb3b12469f57b37170fcbc1789bd7457?narHash=sha256-z5NJPSBwsLf/OfD8WTmh79tlSU8XgIbwmk6qB1/TFzY%3D»/pkgs/by-name/sw/switch-to-configuration-ng/package.nix'
evaluating file '«github:NixOS/nixpkgs/23d72dabcb3b12469f57b37170fcbc1789bd7457?narHash=sha256-z5NJPSBwsLf/OfD8WTmh79tlSU8XgIbwmk6qB1/TFzY%3D»/pkgs/development/compilers/rust/clippy.nix'
evaluating file '«github:NixOS/nixpkgs/23d72dabcb3b12469f57b37170fcbc1789bd7457?narHash=sha256-z5NJPSBwsLf/OfD8WTmh79tlSU8XgIbwmk6qB1/TFzY%3D»/pkgs/by-name/re/refind/package.nix'
evaluating file '«github:NixOS/nixpkgs/23d72dabcb3b12469f57b37170fcbc1789bd7457?narHash=sha256-z5NJPSBwsLf/OfD8WTmh79tlSU8XgIbwmk6qB1/TFzY%3D»/pkgs/by-name/gn/gnu-efi_3/package.nix'
evaluating file '«github:NixOS/nixpkgs/23d72dabcb3b12469f57b37170fcbc1789bd7457?narHash=sha256-z5NJPSBwsLf/OfD8WTmh79tlSU8XgIbwmk6qB1/TFzY%3D»/pkgs/by-name/me/memtest86plus/package.nix'
  [0;32mISO built: /nix/store/m9faqbhlbakrv902lfpycjlk449yd1b2-nixos-minimal-25.11.20260207.23d72da-x86_64-linux.iso/iso/nixos-minimal-25.11.20260207.23d72da-x86_64-linux.iso[0m

  [0;32mA new .onion address will be generated.[0m

[1;33mStep 2/7: Creating VirtualBox VM...[0m
Virtual machine 'SelfPrivacy-Tor-Test' is created and registered.
UUID: dc18ee22-0636-4c2a-bc98-04905cfd4bcf
Settings file: '/home/a/VirtualBox VMs/SelfPrivacy-Tor-Test/SelfPrivacy-Tor-Test.vbox'
VBoxManage: error: The machine 'SelfPrivacy-Tor-Test' is already locked for a session (or being unlocked)
VBoxManage: error: Details: code VBOX_E_INVALID_OBJECT_STATE (0x80bb0007), component MachineWrap, interface IMachine, callee nsISupports
VBoxManage: error: Context: "LockMachine(a->session, LockType_Write)" at line 901 of file VBoxManageModifyVM.cpp
